Time Stamp;available_memory_MB;app_pss_MB;battery_level_percentage;battery_temperature_celcius;battery_current_now_milliamps;sensor_temperature_celcius;power_current;power_level_state;power_voltage;power_wattage;cpu_level;gpu_level;cpu_frequency_MHz;gpu_frequency_MHz;mem_frequency_MHz;minimum_vsyncs;extra_latency_mode;phase_sync_mode;average_frame_rate;display_refresh_rate;average_prediction_milliseconds;screen_tear_count;early_frame_count;stale_frame_count;maximum_rotational_speed_degrees_per_second;foveation_level;eye_buffer_width;eye_buffer_height;app_gpu_time_microseconds;timewarp_gpu_time_microseconds;guardian_gpu_time_microseconds;cpu_utilization_percentage;cpu_utilization_percentage_core0;cpu_utilization_percentage_core1;cpu_utilization_percentage_core2;cpu_utilization_percentage_core3;cpu_utilization_percentage_core4;cpu_utilization_percentage_core5;cpu_utilization_percentage_core6;cpu_utilization_percentage_core7;gpu_utilization_percentage;spacewarp_motion_vector_type;spacewarped_frames_per_second;app_vss_MB;app_rss_MB;app_dalvik_pss_MB;app_private_dirty_MB;app_private_clean_MB;app_uss_MB;stale_frames_consecutive;max_repeated_frames;avg_vertices_per_frame;avg_fill_percentage;avg_inst_per_frag;avg_inst_per_vert;avg_frag_inst_per_pixel;avg_vert_inst_per_pixel;avg_textures_per_frag;percent_time_shading_frags;percent_time_shading_verts;percent_time_compute;percent_vertex_fetch_stall;percent_texture_fetch_stall;percent_texture_l1_miss;percent_texture_l2_miss;percent_texture_nearest_filtered;percent_texture_linear_filtered;percent_texture_anisotropic_filtered;vrshell_average_frame_rate;vrshell_gpu_time_microseconds;vrshell_and_guardian_gpu_time_microseconds;render_scale;dynres_recommendation_percentage;dynres_recommendation_width;dynres_recommendation_height
1000;1323;1820;33;41;9999;0;2036;0;3618;7366;5;4;2419;490;2000;1;0;1;32;72;71;0;24;51;0;0;2304;2536;13958;2540;0;35;93;93;93;94;28;30;35;89;93;0;0;14880;1906;0;1699;103;1803;19;8;0;0;0;0;0;0;0;0;0;0;0;0;0;0;0;0;0;0;0;0;160;0;0;0
2001;1323;1820;33;41;9999;0;2097;0;3591;7530;5;4;2419;490;2000;1;0;1;50;72;57;2;8;26;0;0;2304;2536;15235;2549;0;45;100;100;100;100;37;39;45;89;97;0;0;14880;1906;0;1699;103;1803;7;1;0;0;0;0;0;0;0;0;0;0;0;0;0;0;0;0;0;0;0;0;160;0;0;0
3003;1323;1820;32;42;9999;0;2177;0;3584;7802;3;4;2419;490;2000;1;0;1;53;72;54;0;7;21;0;0;2304;2536;16598;2570;0;33;100;100;100;100;28;28;33;91;98;0;0;14880;1906;0;1699;103;1803;2;1;0;0;0;0;0;0;0;0;0;0;0;0;0;0;0;0;0;0;0;0;160;0;0;0
4000;1323;1820;32;42;9999;0;1688;0;3619;6108;5;4;2419;490;2000;1;0;1;49;72;54;0;6;24;0;0;2304;2536;14655;2958;0;41;100;99;100;100;35;35;41;90;95;0;0;14880;1906;0;1699;103;1803;2;1;0;0;0;0;0;0;0;0;0;0;0;0;0;0;0;0;0;0;0;0;160;0;0;0
5000;1323;1820;32;42;9999;0;1975;0;3619;7147;5;4;2419;490;2000;1;0;1;45;72;60;2;14;35;0;0;2304;2536;17962;4209;0;35;99;99;98;98;30;35;35;68;95;0;0;14880;1906;0;1699;103;1803;8;4;0;0;0;0;0;0;0;0;0;0;0;0;0;0;0;0;0;0;0;0;160;0;0;0
6000;1323;1820;32;42;9999;0;1190;0;3619;4306;5;4;1478;525;2000;1;0;1;45;72;60;0;7;36;0;0;2304;2536;16177;4220;0;30;98;99;98;99;21;30;27;85;69;0;0;14880;1906;0;1699;103;1803;4;1;0;0;0;0;0;0;0;0;0;0;0;0;0;0;0;0;0;0;0;0;160;0;0;0
7001;1323;1820;32;42;9999;0;1917;0;3619;6937;5;4;1478;525;2000;1;0;1;40;72;58;0;4;61;0;0;2304;2536;16996;4267;0;23;99;99;100;100;19;23;19;61;80;0;0;14880;1906;0;1699;103;1803;46;45;0;0;0;0;0;0;0;0;0;0;0;0;0;0;0;0;0;0;0;0;160;0;0;0
8001;1323;1820;32;42;9999;0;1942;0;3619;7028;5;4;1478;525;2000;1;0;1;39;72;59;0;9;42;0;0;2304;2536;15817;4263;0;25;99;99;100;99;23;25;24;95;92;0;0;14880;1906;0;1699;103;1803;9;5;0;0;0;0;0;0;0;0;0;0;0;0;0;0;0;0;0;0;0;0;160;0;0;0
9001;1323;1820;32;42;9999;0;1664;0;3622;6027;5;4;1478;525;2000;1;0;1;40;72;58;0;11;37;0;0;2304;2536;15287;4246;0;30;100;100;100;100;30;30;29;93;95;0;0;14880;1906;0;1699;103;1803;4;1;0;0;0;0;0;0;0;0;0;0;0;0;0;0;0;0;0;0;0;0;160;0;0;0
10001;1323;1820;32;43;9999;0;1383;0;3622;5009;5;4;1478;525;2000;1;0;1;40;72;56;0;11;37;0;0;2304;2536;63232;4207;0;38;100;100;100;100;32;38;37;82;78;0;0;14880;1906;0;1699;103;1803;4;1;0;0;0;0;0;0;0;0;0;0;0;0;0;0;0;0;0;0;0;0;160;0;0;0
11001;1323;1820;32;43;9999;0;1859;0;3606;6703;5;4;1478;525;2000;1;0;1;22;72;63;0;14;55;0;0;2304;2536;10159;4245;0;19;99;100;99;99;15;17;19;59;88;0;0;14880;1906;0;1699;103;1803;34;27;0;0;0;0;0;0;0;0;0;0;0;0;0;0;0;0;0;0;0;0;160;0;0;0
12001;1323;1820;32;43;9999;0;1845;0;3606;6653;5;4;1478;525;2000;1;0;1;41;72;56;0;8;37;0;0;2304;2536;15110;4228;0;28;100;100;99;100;28;18;28;87;94;0;0;14880;1906;0;1699;103;1803;2;1;0;0;0;0;0;0;0;0;0;0;0;0;0;0;0;0;0;0;0;0;160;0;0;0
13001;1323;1820;32;43;9999;0;1328;0;3606;4788;3;4;1478;525;2000;1;0;1;40;72;56;0;9;37;0;0;2304;2536;15677;4246;0;26;98;99;98;100;21;26;23;93;67;0;0;14880;1906;0;1699;103;1803;4;1;0;0;0;0;0;0;0;0;0;0;0;0;0;0;0;0;0;0;0;0;160;0;0;0
14001;1323;1820;32;43;9999;0;1445;0;3606;5210;5;4;1478;525;2000;1;0;1;15;72;58;0;3;62;0;0;2304;2536;32209;4219;0;20;97;96;97;97;17;20;19;61;76;0;0;14880;1906;0;1699;103;1803;6;1;0;0;0;0;0;0;0;0;0;0;0;0;0;0;0;0;0;0;0;0;160;0;0;0
15002;1323;1820;32;43;9999;0;1890;0;3606;6815;5;4;1478;525;2000;1;0;1;20;72;79;0;5;63;0;0;2304;2536;35265;4273;0;22;95;95;95;98;22;18;21;76;87;0;0;14880;1906;0;1699;103;1803;86;60;0;0;0;0;0;0;0;0;0;0;0;0;0;0;0;0;0;0;0;0;160;0;0;0
16001;1323;1820;32;43;9999;0;1760;0;3606;6346;5;4;1478;525;2000;1;0;1;18;72;71;0;0;57;0;0;2304;2536;33138;4235;0;20;97;98;98;98;19;20;20;93;89;0;0;14880;1906;0;1699;103;1803;11;4;0;0;0;0;0;0;0;0;0;0;0;0;0;0;0;0;0;0;0;0;160;0;0;0
17002;1323;1820;32;43;9999;0;1865;0;3606;6725;5;4;1478;525;2000;1;0;1;18;72;71;0;0;59;0;0;2304;2536;33385;4338;455;24;97;98;97;98;19;24;23;92;91;0;0;14880;1906;0;1699;103;1803;11;4;0;0;0;0;0;0;0;0;0;0;0;0;0;0;0;0;0;0;0;455;160;0;0;0
18023;1630;1779;32;43;9999;0;1819;0;3606;6559;5;4;1478;525;2000;1;0;1;18;72;73;0;0;58;0;0;2304;2536;29891;4473;425;22;97;98;98;98;19;22;19;92;91;0;0;15290;1838;0;1745;23;1768;11;4;0;0;0;0;0;0;0;0;0;0;0;0;0;0;0;0;0;0;0;425;160;0;0;0
19001;1630;1779;32;43;9999;0;1723;0;3612;6223;5;4;1478;525;2000;1;0;1;16;72;77;0;0;63;0;0;2304;2536;46355;3315;0;35;97;98;99;98;29;32;35;87;89;0;0;15290;1838;0;1745;23;1768;11;15;0;0;0;0;0;0;0;0;0;0;0;0;0;0;0;0;0;0;0;0;160;0;0;0
20002;1630;1779;32;43;9999;0;1558;0;3612;5627;5;4;1478;525;2000;1;0;1;15;72;88;0;0;61;0;0;2304;2536;44921;3305;0;22;87;89;88;90;16;22;16;77;88;0;0;15290;1838;0;1745;23;1768;35;5;0;0;0;0;0;0;0;0;0;0;0;0;0;0;0;0;0;0;0;0;160;0;0;0
21002;1630;1779;32;43;9999;0;1796;0;3612;6487;5;4;1478;525;2000;1;0;1;15;72;84;0;0;61;0;0;2304;2536;45267;3329;0;21;77;81;80;82;21;19;19;68;88;0;0;15290;1838;0;1745;23;1768;9;5;0;0;0;0;0;0;0;0;0;0;0;0;0;0;0;0;0;0;0;0;160;0;0;0
22002;1630;1779;32;43;9999;0;1418;0;3635;5154;5;4;1478;525;2000;1;0;1;15;72;85;0;0;61;0;0;2304;2536;44384;3279;0;23;86;87;89;92;22;22;23;78;88;0;0;15290;1838;0;1745;23;1768;9;5;0;0;0;0;0;0;0;0;0;0;0;0;0;0;0;0;0;0;0;0;160;0;0;0
23001;1630;1779;32;43;9999;0;1537;0;3635;5586;5;4;1478;525;2000;1;0;1;15;72;85;0;0;61;0;0;2304;2536;44997;3307;0;16;78;80;81;81;12;16;16;51;88;0;0;15290;1838;0;1745;23;1768;19;5;0;0;0;0;0;0;0;0;0;0;0;0;0;0;0;0;0;0;0;0;160;0;0;0
24001;1630;1779;32;43;9999;0;1038;0;3635;3773;5;4;1478;525;2000;1;0;1;15;72;84;0;0;61;0;0;2304;2536;44997;3307;0;16;78;80;81;81;12;16;16;51;88;0;0;15290;1838;0;1745;23;1768;19;5;0;0;0;0;0;0;0;0;0;0;0;0;0;0;0;0;0;0;0;0;160;0;0;0
25001;1630;1779;32;43;9999;0;1605;0;3635;5834;5;3;1478;525;2000;1;0;1;15;72;84;0;0;61;0;0;2304;2536;22545;2418;0;51;77;77;79;87;49;38;51;30;27;0;0;15290;1838;0;1745;23;1768;19;5;0;0;0;0;0;0;0;0;0;0;0;0;0;0;0;0;0;0;0;0;160;0;0;0
26002;1630;1779;32;43;9999;0;1118;0;3635;4063;5;4;1478;490;2000;1;0;1;10;72;83;0;0;72;0;0;2304;2536;65535;1672;0;58;77;75;76;80;52;49;58;56;66;0;0;15290;1838;0;1745;23;1768;0;137;0;0;0;0;0;0;0;0;0;0;0;0;0;0;0;0;0;0;0;0;160;0;0;0
27002;1630;1779;32;43;9999;0;1488;0;3635;5408;5;4;1478;490;2000;1;0;1;12;72;62;0;0;72;0;0;2304;2536;41879;1629;0;15;53;51;55;57;15;12;13;22;83;0;0;15290;1838;0;1745;23;1768;0;7;0;0;0;0;0;0;0;0;0;0;0;0;0;0;0;0;0;0;0;0;160;0;0;0
28002;1630;1779;32;43;9999;0;1087;0;3635;3951;5;4;1478;490;2000;1;0;1;16;72;89;2;1;66;0;0;2304;2536;65535;1729;0;25;87;90;89;90;25;25;24;36;94;0;0;15290;1838;0;1745;23;1768;226;6;0;0;0;0;0;0;0;0;0;0;0;0;0;0;0;0;0;0;0;0;160;0;0;0
29002;1630;1779;32;43;9999;0;944;0;3635;3431;5;4;1478;490;2000;1;0;1;11;72;63;0;0;72;0;0;2304;2536;65535;1770;0;20;58;60;62;61;17;20;11;25;97;0;0;15290;1838;0;1745;23;1768;0;7;0;0;0;0;0;0;0;0;0;0;0;0;0;0;0;0;0;0;0;0;160;0;0;0
30002;1630;1779;32;43;9999;0;1026;0;3635;3729;5;4;1478;490;2000;1;0;1;11;72;60;0;0;72;0;0;2304;2536;65535;1767;0;12;50;49;53;52;11;10;12;20;99;0;0;15290;1838;0;1745;23;1768;0;7;0;0;0;0;0;0;0;0;0;0;0;0;0;0;0;0;0;0;0;0;160;0;0;0
31002;1630;1779;32;43;9999;0;1107;0;3635;4023;5;4;1478;490;2000;1;0;1;11;72;80;0;0;72;0;0;2304;2536;65535;1758;0;14;52;52;55;60;10;14;14;19;99;0;0;15290;1838;0;1745;23;1768;0;6;0;0;0;0;0;0;0;0;0;0;0;0;0;0;0;0;0;0;0;0;160;0;0;0
32002;1630;1779;32;43;9999;0;1054;0;3664;3861;5;4;1478;490;2000;1;0;1;11;72;97;0;0;72;0;0;2304;2536;65535;1789;0;13;54;54;58;58;12;12;13;23;99;0;0;15290;1838;0;1745;23;1768;0;6;0;0;0;0;0;0;0;0;0;0;0;0;0;0;0;0;0;0;0;0;160;0;0;0
33002;1630;1779;32;43;9999;0;1027;0;3664;3762;5;4;1478;490;2000;1;0;1;11;72;97;0;0;72;0;0;2304;2536;65535;1770;0;16;52;57;56;60;16;14;13;27;97;0;0;15290;1838;0;1745;23;1768;0;6;0;0;0;0;0;0;0;0;0;0;0;0;0;0;0;0;0;0;0;0;160;0;0;0
34002;1630;1779;32;43;9999;0;1021;0;3664;3740;5;4;1478;490;2000;1;0;1;11;72;96;0;0;72;0;0;2304;2536;65535;1787;0;16;42;49;52;56;10;13;16;21;98;0;0;15290;1838;0;1745;23;1768;0;8;0;0;0;0;0;0;0;0;0;0;0;0;0;0;0;0;0;0;0;0;160;0;0;0
35002;1630;1779;32;43;9999;0;1259;0;3671;4621;5;4;1478;490;2000;1;0;1;11;72;98;0;0;72;0;0;2304;2536;65535;1763;0;14;54;51;54;54;10;14;14;23;97;0;0;15290;1838;0;1745;23;1768;0;7;0;0;0;0;0;0;0;0;0;0;0;0;0;0;0;0;0;0;0;0;160;0;0;0
36003;1630;1779;32;43;9999;0;1094;0;3671;4016;5;4;1478;525;2000;1;0;1;11;72;97;0;0;72;0;0;2304;2536;65535;1778;0;14;53;51;54;54;9;11;14;22;96;0;0;15290;1838;0;1745;23;1768;0;7;0;0;0;0;0;0;0;0;0;0;0;0;0;0;0;0;0;0;0;0;160;0;0;0
37002;1630;1779;32;43;9999;0;1069;0;3671;3924;5;4;1478;525;2000;1;0;1;11;72;98;0;0;72;0;0;2304;2536;65535;1781;0;16;53;54;53;58;13;15;16;24;96;0;0;15290;1838;0;1745;23;1768;0;7;0;0;0;0;0;0;0;0;0;0;0;0;0;0;0;0;0;0;0;0;160;0;0;0
38033;884;2568;32;43;9999;0;941;0;3671;3454;5;4;1478;525;2000;1;0;1;11;72;98;0;0;72;0;0;2304;2536;65535;1793;0;15;39;42;43;44;12;15;13;16;96;0;0;15889;2626;0;2512;45;2557;0;7;0;0;0;0;0;0;0;0;0;0;0;0;0;0;0;0;0;0;0;0;160;0;0;0
39002;884;2568;32;43;9999;0;989;0;3671;3630;5;4;1478;525;2000;1;0;1;11;72;98;0;0;72;0;0;2304;2536;65535;1749;0;16;48;50;48;55;11;16;12;15;96;0;0;15889;2626;0;2512;45;2557;0;7;0;0;0;0;0;0;0;0;0;0;0;0;0;0;0;0;0;0;0;0;160;0;0;0
40003;884;2568;32;43;9999;0;950;0;3671;3487;5;4;1478;525;2000;1;0;1;11;72;97;0;0;72;0;0;2304;2536;65535;1762;0;15;48;47;46;51;13;15;12;16;96;0;0;15889;2626;0;2512;45;2557;0;6;0;0;0;0;0;0;0;0;0;0;0;0;0;0;0;0;0;0;0;0;160;0;0;0
41003;884;2568;32;43;9999;0;950;0;3671;3487;5;4;1478;525;2000;1;0;1;11;72;97;0;0;72;0;0;2304;2536;65535;1778;0;14;43;42;47;47;14;13;11;15;95;0;0;15889;2626;0;2512;45;2557;0;7;0;0;0;0;0;0;0;0;0;0;0;0;0;0;0;0;0;0;0;0;160;0;0;0
42003;884;2568;32;43;9999;0;937;0;3676;3444;5;4;1478;525;2000;1;0;1;11;72;96;0;0;72;0;0;2304;2536;65535;1754;0;15;39;41;43;40;15;13;14;14;97;0;0;15889;2626;0;2512;45;2557;0;7;0;0;0;0;0;0;0;0;0;0;0;0;0;0;0;0;0;0;0;0;160;0;0;0
43003;884;2568;32;42;9999;0;934;0;3676;3433;5;4;1478;525;2000;1;0;1;11;72;97;0;0;72;0;0;2304;2536;65535;1782;0;14;40;38;44;41;14;13;11;13;96;0;0;15889;2626;0;2512;45;2557;0;7;0;0;0;0;0;0;0;0;0;0;0;0;0;0;0;0;0;0;0;0;160;0;0;0
44003;884;2568;32;42;9999;0;1001;0;3678;3681;5;4;1478;525;2000;1;0;1;11;72;97;0;0;72;0;0;2304;2536;65535;1762;0;16;39;39;38;38;16;12;11;14;96;0;0;15889;2626;0;2512;45;2557;0;7;0;0;0;0;0;0;0;0;0;0;0;0;0;0;0;0;0;0;0;0;160;0;0;0
45003;884;2568;32;42;9999;0;1039;0;3678;3821;5;4;1478;525;2000;1;0;1;11;72;95;0;0;72;0;0;2304;2536;65535;1769;0;23;44;40;43;42;18;23;19;16;97;0;0;15889;2626;0;2512;45;2557;0;7;0;0;0;0;0;0;0;0;0;0;0;0;0;0;0;0;0;0;0;0;160;0;0;0
46003;884;2568;32;42;9999;0;1092;0;3678;4016;5;4;1478;525;1353;1;0;1;11;72;93;0;0;72;0;0;2304;2536;65535;1819;0;16;41;39;44;40;13;13;16;15;99;0;0;15889;2626;0;2512;45;2557;0;7;0;0;0;0;0;0;0;0;0;0;0;0;0;0;0;0;0;0;0;0;160;0;0;0
47005;884;2568;32;42;9999;0;1112;0;3678;4089;5;4;1478;525;1353;1;0;1;11;72;99;0;0;72;0;0;2304;2536;65535;4332;0;15;57;59;60;64;12;14;15;27;99;0;0;15889;2626;0;2512;45;2557;0;7;0;0;0;0;0;0;0;0;0;0;0;0;0;0;0;0;0;0;0;0;160;0;0;0
48003;884;2568;32;42;9999;0;957;0;3677;3518;5;4;1478;525;1353;1;0;1;11;72;100;0;0;72;0;0;2304;2536;65535;4330;0;17;57;52;56;56;14;14;17;23;99;0;0;15889;2626;0;2512;45;2557;0;7;0;0;0;0;0;0;0;0;0;0;0;0;0;0;0;0;0;0;0;0;160;0;0;0
49003;884;2568;32;42;9999;0;996;0;3677;3662;5;4;1478;525;1353;1;0;1;11;72;99;0;0;72;0;0;2304;2536;65535;3483;0;20;50;53;52;55;20;20;17;23;99;0;0;15889;2626;0;2512;45;2557;0;7;0;0;0;0;0;0;0;0;0;0;0;0;0;0;0;0;0;0;0;0;160;0;0;0
50003;884;2568;32;42;9999;0;963;0;3677;3540;5;4;1478;525;1353;1;0;1;10;72;67;0;0;72;0;0;2304;2536;65535;1752;0;18;38;39;39;38;18;16;14;17;99;0;0;15889;2626;0;2512;45;2557;0;7;0;0;0;0;0;0;0;0;0;0;0;0;0;0;0;0;0;0;0;0;160;0;0;0
51003;884;2568;32;42;9999;0;931;0;3677;3423;5;4;1478;525;1353;1;0;1;11;72;39;0;0;72;0;0;2304;2536;65535;1733;0;14;40;42;40;43;13;14;10;15;99;0;0;15889;2626;0;2512;45;2557;0;7;0;0;0;0;0;0;0;0;0;0;0;0;0;0;0;0;0;0;0;0;160;0;0;0
52004;884;2568;32;42;9999;0;949;0;3679;3491;5;4;1478;525;1353;1;0;1;10;72;57;0;0;72;0;0;2304;2536;65535;1571;0;12;33;29;40;32;11;10;12;14;99;0;0;15889;2626;0;2512;45;2557;0;7;0;0;0;0;0;0;0;0;0;0;0;0;0;0;0;0;0;0;0;0;160;0;0;0
53004;884;2568;32;42;9999;0;972;0;3679;3575;5;4;1478;525;1353;1;0;1;11;72;70;0;0;72;0;0;2304;2536;65535;1579;0;15;36;36;38;39;11;15;10;16;99;0;0;15889;2626;0;2512;45;2557;0;7;0;0;0;0;0;0;0;0;0;0;0;0;0;0;0;0;0;0;0;0;160;0;0;0
54004;884;2568;32;42;9999;0;1038;0;3679;3818;5;4;1478;525;1353;1;0;1;13;72;81;0;0;72;0;0;2304;2536;65535;2139;0;16;31;30;38;34;11;14;16;16;98;0;0;15889;2626;0;2512;45;2557;0;7;0;0;0;0;0;0;0;0;0;0;0;0;0;0;0;0;0;0;0;0;160;0;0;0
55004;884;2568;32;42;9999;0;1068;0;3679;3929;5;4;1478;525;1353;1;0;1;11;72;96;2;0;72;0;0;2304;2536;65535;4180;0;15;57;58;60;59;15;13;10;23;99;0;0;15889;2626;0;2512;45;2557;0;7;0;0;0;0;0;0;0;0;0;0;0;0;0;0;0;0;0;0;0;0;160;0;0;0
56004;884;2568;32;42;9999;0;935;0;3679;3439;5;4;1478;525;2000;1;0;1;10;72;73;0;0;72;0;0;2304;2536;63929;4998;0;13;54;52;56;56;9;13;10;25;99;0;0;15889;2626;0;2512;45;2557;0;7;0;0;0;0;0;0;0;0;0;0;0;0;0;0;0;0;0;0;0;0;160;0;0;0
57004;884;2568;32;42;9999;0;908;0;3679;3340;5;4;1478;525;2000;1;0;1;13;72;82;0;0;72;0;0;2304;2536;65535;1575;0;16;53;54;55;56;16;15;14;19;99;0;0;15889;2626;0;2512;45;2557;0;7;0;0;0;0;0;0;0;0;0;0;0;0;0;0;0;0;0;0;0;0;160;0;0;0
58037;843;2615;32;42;9999;0;903;0;3679;3322;5;4;1478;525;2000;1;0;1;12;72;97;0;0;72;0;0;2304;2536;63023;1604;0;15;34;38;36;37;15;10;13;15;90;0;0;15905;2672;0;2558;45;2604;0;5;0;0;0;0;0;0;0;0;0;0;0;0;0;0;0;0;0;0;0;0;160;0;0;0
59004;843;2615;32;42;9999;0;901;0;3679;3314;5;4;1478;525;2000;1;0;1;12;72;96;0;0;72;0;0;2304;2536;61540;1600;0;13;37;34;37;32;13;12;11;14;88;0;0;15905;2672;0;2558;45;2604;0;5;0;0;0;0;0;0;0;0;0;0;0;0;0;0;0;0;0;0;0;0;160;0;0;0
60004;843;2615;32;42;9999;0;956;0;3683;3520;5;4;1478;525;2000;1;0;1;12;72;97;0;0;72;0;0;2304;2536;62106;1597;0;16;36;31;35;38;12;16;11;16;87;0;0;15905;2672;0;2558;45;2604;0;5;0;0;0;0;0;0;0;0;0;0;0;0;0;0;0;0;0;0;0;0;160;0;0;0
61004;843;2615;32;42;9999;0;882;0;3683;3248;5;4;1478;525;2000;1;0;1;12;72;97;0;0;72;0;0;2304;2536;61977;1609;0;19;42;42;47;44;13;19;13;15;87;0;0;15905;2672;0;2558;45;2604;0;5;0;0;0;0;0;0;0;0;0;0;0;0;0;0;0;0;0;0;0;0;160;0;0;0
62004;843;2615;32;42;9999;0;878;0;3684;3234;5;4;1478;525;2000;1;0;1;12;72;97;0;0;72;0;0;2304;2536;64567;1583;0;13;36;33;38;36;10;13;12;14;88;0;0;15905;2672;0;2558;45;2604;0;5;0;0;0;0;0;0;0;0;0;0;0;0;0;0;0;0;0;0;0;0;160;0;0;0
63004;843;2615;32;41;9999;0;888;0;3684;3271;5;4;1478;525;2000;1;0;1;12;72;97;0;0;72;0;0;2304;2536;63602;1590;0;17;34;36;38;35;12;10;17;15;88;0;0;15905;2672;0;2558;45;2604;0;5;0;0;0;0;0;0;0;0;0;0;0;0;0;0;0;0;0;0;0;0;160;0;0;0
64004;843;2615;32;41;9999;0;910;0;3684;3352;5;4;1478;525;2000;1;0;1;12;72;98;0;0;72;0;0;2304;2536;63721;1585;0;12;35;33;35;37;12;12;11;18;89;0;0;15905;2672;0;2558;45;2604;0;5;0;0;0;0;0;0;0;0;0;0;0;0;0;0;0;0;0;0;0;0;160;0;0;0
65004;843;2615;32;41;9999;0;926;0;3684;3411;5;4;1478;525;2000;1;0;1;12;72;97;0;0;72;0;0;2304;2536;63975;1593;0;13;35;35;38;32;13;13;12;13;89;0;0;15905;2672;0;2558;45;2604;0;5;0;0;0;0;0;0;0;0;0;0;0;0;0;0;0;0;0;0;0;0;160;0;0;0
66004;843;2615;32;41;9999;0;970;0;3684;3573;5;4;1478;525;2000;1;0;1;12;72;97;0;0;72;0;0;2304;2536;64668;1583;0;16;35;32;39;38;12;16;10;14;89;0;0;15905;2672;0;2558;45;2604;0;5;0;0;0;0;0;0;0;0;0;0;0;0;0;0;0;0;0;0;0;0;160;0;0;0
67005;843;2615;32;41;9999;0;894;0;3684;3293;5;4;1478;525;2000;1;0;1;12;72;98;0;0;72;0;0;2304;2536;64382;1591;0;14;35;30;35;37;14;9;11;14;90;0;0;15905;2672;0;2558;45;2604;0;5;0;0;0;0;0;0;0;0;0;0;0;0;0;0;0;0;0;0;0;0;160;0;0;0
68005;843;2615;32;41;9999;0;1064;0;3684;3919;5;4;1478;525;2000;1;0;1;12;72;97;0;0;72;0;0;2304;2536;63560;1589;0;13;37;31;36;38;12;13;13;16;88;0;0;15905;2672;0;2558;45;2604;0;5;0;0;0;0;0;0;0;0;0;0;0;0;0;0;0;0;0;0;0;0;160;0;0;0
69005;843;2615;32;41;9999;0;930;0;3684;3426;5;4;1478;525;2000;1;0;1;12;72;98;0;0;72;0;0;2304;2536;63624;1605;0;24;59;60;58;61;22;24;19;17;89;0;0;15905;2672;0;2558;45;2604;0;5;0;0;0;0;0;0;0;0;0;0;0;0;0;0;0;0;0;0;0;0;160;0;0;0
70005;843;2615;32;41;9999;0;1003;0;3684;3695;5;4;1478;525;2000;1;0;1;12;72;98;0;0;72;0;0;2304;2536;63895;1587;0;20;50;50;51;53;20;19;18;18;88;0;0;15905;2672;0;2558;45;2604;0;5;0;0;0;0;0;0;0;0;0;0;0;0;0;0;0;0;0;0;0;0;160;0;0;0
71005;843;2615;32;41;9999;0;979;0;3684;3606;5;4;1478;525;2000;1;0;1;12;72;98;0;0;72;0;0;2304;2536;64356;1605;0;14;50;49;51;49;10;12;14;14;89;0;0;15905;2672;0;2558;45;2604;0;5;0;0;0;0;0;0;0;0;0;0;0;0;0;0;0;0;0;0;0;0;160;0;0;0
72005;843;2615;32;41;9999;0;954;0;3679;3509;5;4;1478;525;2000;1;0;1;12;72;98;0;0;72;0;0;2304;2536;63621;1581;0;14;37;35;39;40;13;14;12;14;89;0;0;15905;2672;0;2558;45;2604;0;5;0;0;0;0;0;0;0;0;0;0;0;0;0;0;0;0;0;0;0;0;160;0;0;0
73005;843;2615;32;41;9999;0;1002;0;3679;3686;5;4;1478;525;2000;1;0;1;12;72;97;0;0;72;0;0;2304;2536;61817;1591;0;17;48;42;52;60;17;13;12;16;87;0;0;15905;2672;0;2558;45;2604;0;5;0;0;0;0;0;0;0;0;0;0;0;0;0;0;0;0;0;0;0;0;160;0;0;0
74005;843;2615;32;41;9999;0;998;0;3679;3671;5;4;1478;525;2000;1;0;1;12;72;98;0;0;72;0;0;2304;2536;62814;1621;0;13;43;44;49;46;12;11;13;16;87;0;0;15905;2672;0;2558;45;2604;0;5;0;0;0;0;0;0;0;0;0;0;0;0;0;0;0;0;0;0;0;0;160;0;0;0
75005;843;2615;32;41;9999;0;895;0;3679;3292;5;4;1478;525;2000;1;0;1;12;72;97;0;0;72;0;0;2304;2536;65535;1575;0;15;39;38;36;42;15;9;13;13;89;0;0;15905;2672;0;2558;45;2604;0;5;0;0;0;0;0;0;0;0;0;0;0;0;0;0;0;0;0;0;0;0;160;0;0;0
76005;843;2615;32;41;9999;0;1042;0;3685;3839;5;4;1478;525;2000;1;0;1;12;72;97;0;0;72;0;0;2304;2536;65535;1572;0;13;33;37;38;37;13;10;13;16;90;0;0;15905;2672;0;2558;45;2604;0;5;0;0;0;0;0;0;0;0;0;0;0;0;0;0;0;0;0;0;0;0;160;0;0;0
77005;843;2615;32;41;9999;0;885;0;3685;3261;5;4;1478;525;2000;1;0;1;12;72;98;0;0;72;0;0;2304;2536;65491;1580;0;17;39;41;43;40;17;17;14;16;91;0;0;15905;2672;0;2558;45;2604;0;5;0;0;0;0;0;0;0;0;0;0;0;0;0;0;0;0;0;0;0;0;160;0;0;0
78038;833;2616;32;41;9999;0;973;0;3685;3585;5;4;1478;525;2000;1;0;1;12;72;97;0;0;72;0;0;2304;2536;64146;1587;0;14;35;33;34;36;14;12;12;13;90;0;0;15871;2673;0;2559;45;2604;0;5;0;0;0;0;0;0;0;0;0;0;0;0;0;0;0;0;0;0;0;0;160;0;0;0
79005;833;2616;32;41;9999;0;894;0;3685;3294;5;4;1478;525;2000;1;0;1;12;72;98;0;0;72;0;0;2304;2536;63741;1607;0;13;41;37;40;35;13;9;13;14;89;0;0;15871;2673;0;2559;45;2604;0;5;0;0;0;0;0;0;0;0;0;0;0;0;0;0;0;0;0;0;0;0;160;0;0;0
80005;833;2616;32;41;9999;0;1162;0;3685;4281;5;4;1478;525;2000;1;0;1;12;72;97;0;0;72;0;0;2304;2536;59405;1581;0;16;34;37;32;34;10;16;13;14;88;0;0;15871;2673;0;2559;45;2604;0;5;0;0;0;0;0;0;0;0;0;0;0;0;0;0;0;0;0;0;0;0;160;0;0;0
81005;833;2616;32;41;9999;0;1138;0;3685;4193;5;4;1478;525;2000;1;0;1;13;72;98;1;0;70;0;0;2304;2536;65535;4317;472;15;79;79;83;81;14;15;15;28;95;0;0;15871;2673;0;2559;45;2604;222;7;0;0;0;0;0;0;0;0;0;0;0;0;0;0;0;0;0;0;0;472;160;0;0;0
82008;833;2616;32;41;9999;0;1096;0;3669;4021;5;4;1478;525;2000;1;0;1;12;72;95;0;0;72;0;0;2304;2536;65535;3959;466;13;65;65;69;70;13;9;12;30;98;0;0;15871;2673;0;2559;45;2604;0;6;0;0;0;0;0;0;0;0;0;0;0;0;0;0;0;0;0;0;0;466;160;0;0;0
83006;833;2616;32;41;9999;0;1155;0;3669;4237;5;4;1478;525;2000;1;0;1;11;72;101;0;0;72;0;0;2304;2536;64940;3957;479;14;62;63;64;67;11;10;14;26;98;0;0;15871;2673;0;2559;45;2604;0;6;0;0;0;0;0;0;0;0;0;0;0;0;0;0;0;0;0;0;0;479;160;0;0;0
84006;833;2616;32;41;9999;0;1188;0;3662;4350;5;4;1478;525;2000;1;0;1;11;72;100;0;2;68;0;0;2304;2536;23876;4189;0;14;65;68;71;71;14;12;10;30;93;0;0;15871;2673;0;2559;45;2604;235;6;0;0;0;0;0;0;0;0;0;0;0;0;0;0;0;0;0;0;0;0;160;0;0;0
85006;833;2616;32;41;9999;0;1016;0;3662;3720;5;4;1478;525;2000;1;0;1;17;72;82;0;1;66;0;0;2304;2536;50976;1568;0;15;60;60;62;66;15;14;15;24;92;0;0;15871;2673;0;2559;45;2604;3;5;0;0;0;0;0;0;0;0;0;0;0;0;0;0;0;0;0;0;0;0;160;0;0;0
86006;833;2616;32;41;9999;0;1095;0;3662;4009;5;4;1478;525;2000;1;0;1;15;72;91;0;1;68;0;0;2304;2536;58583;1610;0;14;43;39;42;44;10;14;14;15;93;0;0;15871;2673;0;2559;45;2604;50;5;0;0;0;0;0;0;0;0;0;0;0;0;0;0;0;0;0;0;0;0;160;0;0;0
87006;833;2616;32;41;9999;0;1012;0;3662;3705;5;4;1478;525;2000;1;0;1;14;72;96;0;0;66;0;0;2304;2536;59937;1619;0;17;43;39;43;47;17;16;14;14;96;0;0;15871;2673;0;2559;45;2604;59;5;0;0;0;0;0;0;0;0;0;0;0;0;0;0;0;0;0;0;0;0;160;0;0;0
88006;833;2616;32;41;9999;0;1006;0;3662;3683;5;4;1478;525;2000;1;0;1;15;72;98;0;0;64;0;0;2304;2536;59033;1582;0;14;39;40;40;38;12;13;14;14;96;0;0;15871;2673;0;2559;45;2604;74;4;0;0;0;0;0;0;0;0;0;0;0;0;0;0;0;0;0;0;0;0;160;0;0;0
89006;833;2616;32;41;9999;0;949;0;3662;3475;5;4;1478;525;2000;1;0;1;15;72;95;0;0;66;0;0;2304;2536;59289;1604;0;16;40;38;40;40;13;16;14;16;97;0;0;15871;2673;0;2559;45;2604;39;5;0;0;0;0;0;0;0;0;0;0;0;0;0;0;0;0;0;0;0;0;160;0;0;0
90006;833;2616;32;41;9999;0;941;0;3662;3445;5;4;1478;525;2000;1;0;1;15;72;97;0;0;60;0;0;2304;2536;60006;1583;0;15;39;36;38;38;15;12;12;14;97;0;0;15871;2673;0;2559;45;2604;9;5;0;0;0;0;0;0;0;0;0;0;0;0;0;0;0;0;0;0;0;0;160;0;0;0
91006;833;2616;32;41;9999;0;1026;0;3675;3770;5;4;1478;525;2000;1;0;1;14;72;98;0;0;71;0;0;2304;2536;63610;1621;0;14;47;50;54;59;14;12;11;14;91;0;0;15871;2673;0;2559;45;2604;4;5;0;0;0;0;0;0;0;0;0;0;0;0;0;0;0;0;0;0;0;0;160;0;0;0
92006;833;2616;32;41;9999;0;1073;0;3670;3937;5;4;1478;525;2000;1;0;1;12;72;97;0;0;72;0;0;2304;2536;62895;1616;0;13;38;34;41;40;13;13;13;16;88;0;0;15871;2673;0;2559;45;2604;0;5;0;0;0;0;0;0;0;0;0;0;0;0;0;0;0;0;0;0;0;0;160;0;0;0
93006;833;2616;32;41;9999;0;973;0;3670;3570;5;4;1478;525;2000;1;0;1;12;72;98;0;0;72;0;0;2304;2536;64424;1616;0;18;50;50;53;56;14;18;14;15;89;0;0;15871;2673;0;2559;45;2604;0;5;0;0;0;0;0;0;0;0;0;0;0;0;0;0;0;0;0;0;0;0;160;0;0;0
94006;833;2616;32;41;9999;0;957;0;3670;3512;5;4;1478;525;2000;1;0;1;12;72;97;0;0;72;0;0;2304;2536;63952;1616;0;14;45;47;51;50;13;14;10;14;89;0;0;15871;2673;0;2559;45;2604;0;5;0;0;0;0;0;0;0;0;0;0;0;0;0;0;0;0;0;0;0;0;160;0;0;0
95006;833;2616;32;41;9999;0;1042;0;3670;3824;5;4;1478;525;2000;1;0;1;12;72;98;0;0;72;0;0;2304;2536;63486;1618;0;18;36;35;34;31;11;18;11;14;88;0;0;15871;2673;0;2559;45;2604;0;5;0;0;0;0;0;0;0;0;0;0;0;0;0;0;0;0;0;0;0;0;160;0;0;0
96007;833;2616;32;41;9999;0;1003;0;3670;3681;5;4;1478;525;2000;1;0;1;12;72;97;0;0;72;0;0;2304;2536;63641;1587;0;13;47;43;50;54;11;12;13;15;88;0;0;15871;2673;0;2559;45;2604;0;5;0;0;0;0;0;0;0;0;0;0;0;0;0;0;0;0;0;0;0;0;160;0;0;0
97006;833;2616;32;41;9999;0;934;0;3670;3427;5;4;1478;525;2000;1;0;1;12;72;98;0;0;72;0;0;2304;2536;63963;1625;0;21;44;44;49;55;19;19;21;14;88;0;0;15871;2673;0;2559;45;2604;0;5;0;0;0;0;0;0;0;0;0;0;0;0;0;0;0;0;0;0;0;0;160;0;0;0
98040;841;2616;32;41;9999;0;998;0;3670;3662;5;4;1478;525;2000;1;0;1;12;72;98;0;0;72;0;0;2304;2536;63646;1599;0;14;35;31;43;46;11;14;13;14;89;0;0;15871;2674;0;2559;45;2605;0;5;0;0;0;0;0;0;0;0;0;0;0;0;0;0;0;0;0;0;0;0;160;0;0;0
99006;841;2616;32;41;9999;0;905;0;3670;3321;5;4;1478;525;2000;1;0;1;12;72;98;0;0;72;0;0;2304;2536;63764;1600;0;15;36;35;42;37;13;9;15;16;89;0;0;15871;2674;0;2559;45;2605;0;5;0;0;0;0;0;0;0;0;0;0;0;0;0;0;0;0;0;0;0;0;160;0;0;0
100007;841;2616;32;41;9999;0;917;0;3683;3377;5;4;1478;525;2000;1;0;1;12;72;98;0;0;72;0;0;2304;2536;63036;1601;0;14;31;33;38;36;9;13;14;14;88;0;0;15871;2674;0;2559;45;2605;0;5;0;0;0;0;0;0;0;0;0;0;0;0;0;0;0;0;0;0;0;0;160;0;0;0
101007;841;2616;32;41;9999;0;988;0;3683;3638;5;4;1478;525;2000;1;0;1;12;72;98;0;0;72;0;0;2304;2536;63279;1606;0;15;40;40;42;44;15;13;14;14;88;0;0;15871;2674;0;2559;45;2605;0;5;0;0;0;0;0;0;0;0;0;0;0;0;0;0;0;0;0;0;0;0;160;0;0;0
102007;841;2616;32;41;9999;0;895;0;3684;3297;5;4;1478;525;2000;1;0;1;12;72;97;0;0;72;0;0;2304;2536;63383;1611;0;16;35;34;38;44;12;16;13;14;88;0;0;15871;2674;0;2559;45;2605;0;5;0;0;0;0;0;0;0;0;0;0;0;0;0;0;0;0;0;0;0;0;160;0;0;0
103007;841;2616;32;41;9999;0;955;0;3684;3518;5;4;1478;525;2000;1;0;1;12;72;97;0;0;72;0;0;2304;2536;63241;1610;0;14;34;34;35;38;14;13;11;14;88;0;0;15871;2674;0;2559;45;2605;0;5;0;0;0;0;0;0;0;0;0;0;0;0;0;0;0;0;0;0;0;0;160;0;0;0
104007;841;2616;32;41;9999;0;881;0;3684;3245;5;4;1478;525;2000;1;0;1;12;72;98;0;0;72;0;0;2304;2536;63082;1600;0;18;37;36;38;39;16;18;18;15;88;0;0;15871;2674;0;2559;45;2605;0;5;0;0;0;0;0;0;0;0;0;0;0;0;0;0;0;0;0;0;0;0;160;0;0;0
105007;841;2616;32;41;9999;0;952;0;3684;3507;5;4;1478;525;2000;1;0;1;12;72;98;0;0;72;0;0;2304;2536;63083;1619;0;18;33;34;35;43;12;13;18;16;88;0;0;15871;2674;0;2559;45;2605;0;5;0;0;0;0;0;0;0;0;0;0;0;0;0;0;0;0;0;0;0;0;160;0;0;0
106007;841;2616;32;41;9999;0;1007;0;3684;3709;5;4;1478;525;2000;1;0;1;12;72;98;0;0;72;0;0;2304;2536;63151;1599;0;13;34;32;40;31;12;13;11;14;88;0;0;15871;2674;0;2559;45;2605;0;5;0;0;0;0;0;0;0;0;0;0;0;0;0;0;0;0;0;0;0;0;160;0;0;0
107007;841;2616;32;41;9999;0;912;0;3684;3359;5;4;1478;525;2000;1;0;1;12;72;98;0;0;72;0;0;2304;2536;63102;1620;0;13;35;35;36;37;13;12;13;13;88;0;0;15871;2674;0;2559;45;2605;0;5;0;0;0;0;0;0;0;0;0;0;0;0;0;0;0;0;0;0;0;0;160;0;0;0
108007;841;2616;32;41;9999;0;910;0;3683;3351;5;4;1478;525;2000;1;0;1;12;72;98;0;0;72;0;0;2304;2536;63236;1615;0;13;32;29;34;33;9;13;12;14;88;0;0;15871;2674;0;2559;45;2605;0;5;0;0;0;0;0;0;0;0;0;0;0;0;0;0;0;0;0;0;0;0;160;0;0;0
109007;841;2616;32;41;9999;0;898;0;3683;3307;5;4;1478;525;2000;1;0;1;12;72;97;0;0;72;0;0;2304;2536;63327;1614;0;16;38;32;40;32;16;12;15;16;88;0;0;15871;2674;0;2559;45;2605;0;5;0;0;0;0;0;0;0;0;0;0;0;0;0;0;0;0;0;0;0;0;160;0;0;0
110007;841;2616;32;41;9999;0;936;0;3683;3447;5;4;1478;525;2000;1;0;1;12;72;97;0;0;72;0;0;2304;2536;63105;1606;0;16;36;36;37;35;10;16;13;14;88;0;0;15871;2674;0;2559;45;2605;0;5;0;0;0;0;0;0;0;0;0;0;0;0;0;0;0;0;0;0;0;0;160;0;0;0
111007;841;2616;32;41;9999;0;1005;0;3683;3701;5;4;1478;525;2000;1;0;1;12;72;97;0;0;72;0;0;2304;2536;63475;1613;0;14;37;40;42;39;10;13;14;15;88;0;0;15871;2674;0;2559;45;2605;0;5;0;0;0;0;0;0;0;0;0;0;0;0;0;0;0;0;0;0;0;0;160;0;0;0
112007;841;2616;32;41;9999;0;888;0;3685;3272;5;4;1478;525;2000;1;0;1;12;72;98;0;0;72;0;0;2304;2536;63092;1629;0;13;37;32;36;42;13;11;11;14;88;0;0;15871;2674;0;2559;45;2605;0;5;0;0;0;0;0;0;0;0;0;0;0;0;0;0;0;0;0;0;0;0;160;0;0;0
113008;841;2616;32;41;9999;0;897;0;3685;3305;5;4;1478;525;2000;1;0;1;12;72;97;0;0;72;0;0;2304;2536;63089;1600;0;17;39;41;43;41;12;17;15;15;88;0;0;15871;2674;0;2559;45;2605;0;5;0;0;0;0;0;0;0;0;0;0;0;0;0;0;0;0;0;0;0;0;160;0;0;0
114008;841;2616;32;41;9999;0;888;0;3685;3272;5;4;1478;525;2000;1;0;1;12;72;98;0;0;72;0;0;2304;2536;63185;1607;0;14;32;32;39;31;11;14;11;14;88;0;0;15871;2674;0;2559;45;2605;0;5;0;0;0;0;0;0;0;0;0;0;0;0;0;0;0;0;0;0;0;0;160;0;0;0
115008;841;2616;32;41;9999;0;903;0;3685;3327;5;4;1478;525;2000;1;0;1;12;72;98;0;0;72;0;0;2304;2536;63230;1604;0;14;33;30;34;37;14;12;10;13;88;0;0;15871;2674;0;2559;45;2605;0;5;0;0;0;0;0;0;0;0;0;0;0;0;0;0;0;0;0;0;0;0;160;0;0;0
116008;841;2616;32;41;9999;0;957;0;3685;3526;5;4;1478;525;2000;1;0;1;12;72;97;0;0;72;0;0;2304;2536;63076;1610;0;16;37;38;37;36;16;11;11;15;88;0;0;15871;2674;0;2559;45;2605;0;5;0;0;0;0;0;0;0;0;0;0;0;0;0;0;0;0;0;0;0;0;160;0;0;0
117008;841;2616;32;41;9999;0;942;0;3679;3465;5;4;1478;525;2000;1;0;1;12;72;98;0;0;72;0;0;2304;2536;63052;1615;0;17;42;39;45;44;13;12;17;14;88;0;0;15871;2674;0;2559;45;2605;0;5;0;0;0;0;0;0;0;0;0;0;0;0;0;0;0;0;0;0;0;0;160;0;0;0
118042;869;2616;32;41;9999;0;938;0;3679;3450;5;4;1478;525;2000;1;0;1;12;72;97;0;0;72;0;0;2304;2536;64426;1625;0;13;37;39;35;39;13;13;11;14;89;0;0;15871;2674;0;2559;45;2605;0;5;0;0;0;0;0;0;0;0;0;0;0;0;0;0;0;0;0;0;0;0;160;0;0;0
119008;869;2616;32;41;9999;0;944;0;3679;3472;5;4;1478;525;2000;1;0;1;12;72;97;0;0;72;0;0;2304;2536;64450;1611;0;13;37;37;41;36;13;12;11;12;89;0;0;15871;2674;0;2559;45;2605;0;5;0;0;0;0;0;0;0;0;0;0;0;0;0;0;0;0;0;0;0;0;160;0;0;0
120008;869;2616;32;41;9999;0;946;0;3679;3480;5;4;1478;525;2000;1;0;1;12;72;98;0;0;72;0;0;2304;2536;64032;1601;0;16;33;33;37;38;16;12;15;14;89;0;0;15871;2674;0;2559;45;2605;0;5;0;0;0;0;0;0;0;0;0;0;0;0;0;0;0;0;0;0;0;0;160;0;0;0
121008;869;2616;32;41;9999;0;1006;0;3679;3701;5;4;1478;525;2000;1;0;1;12;72;98;0;0;72;0;0;2304;2536;63470;1581;0;16;41;43;49;45;16;12;14;14;89;0;0;15871;2674;0;2559;45;2605;0;5;0;0;0;0;0;0;0;0;0;0;0;0;0;0;0;0;0;0;0;0;160;0;0;0
122008;869;2616;32;41;9999;0;934;0;3682;3438;5;4;1478;525;2000;1;0;1;12;72;98;0;0;72;0;0;2304;2536;64227;1613;0;13;39;35;35;40;13;13;12;14;89;0;0;15871;2674;0;2559;45;2605;0;5;0;0;0;0;0;0;0;0;0;0;0;0;0;0;0;0;0;0;0;0;160;0;0;0
123008;869;2616;32;41;9999;0;902;0;3682;3321;5;4;1478;525;2000;1;0;1;12;72;98;0;0;72;0;0;2304;2536;63880;1606;0;14;34;37;36;37;14;14;13;14;89;0;0;15871;2674;0;2559;45;2605;0;5;0;0;0;0;0;0;0;0;0;0;0;0;0;0;0;0;0;0;0;0;160;0;0;0
124008;869;2616;32;41;9999;0;891;0;3682;3280;5;4;1478;525;2000;1;0;1;12;72;98;0;0;72;0;0;2304;2536;62063;1595;0;12;37;35;34;32;10;12;12;13;88;0;0;15871;2674;0;2559;45;2605;0;5;0;0;0;0;0;0;0;0;0;0;0;0;0;0;0;0;0;0;0;0;160;0;0;0
125008;869;2616;32;41;9999;0;894;0;3685;3294;5;4;1478;525;2000;1;0;1;12;72;97;0;0;72;0;0;2304;2536;63055;1596;0;13;38;34;35;36;10;13;13;15;87;0;0;15871;2674;0;2559;45;2605;0;5;0;0;0;0;0;0;0;0;0;0;0;0;0;0;0;0;0;0;0;0;160;0;0;0
126008;869;2616;32;41;9999;0;950;0;3685;3500;5;4;1478;525;1353;1;0;1;12;72;97;0;0;72;0;0;2304;2536;63078;1606;0;16;41;38;40;41;13;16;12;13;88;0;0;15871;2674;0;2559;45;2605;0;5;0;0;0;0;0;0;0;0;0;0;0;0;0;0;0;0;0;0;0;0;160;0;0;0
127008;869;2616;32;41;9999;0;921;0;3685;3393;5;4;1478;525;1353;1;0;1;12;72;98;0;0;72;0;0;2304;2536;63788;1601;0;15;37;35;39;40;12;14;15;14;88;0;0;15871;2674;0;2559;45;2605;0;5;0;0;0;0;0;0;0;0;0;0;0;0;0;0;0;0;0;0;0;0;160;0;0;0
128008;869;2616;32;41;9999;0;912;0;3685;3360;5;4;1478;525;1353;1;0;1;12;72;98;0;0;72;0;0;2304;2536;63578;1615;0;14;41;37;36;38;10;11;14;14;88;0;0;15871;2674;0;2559;45;2605;0;5;0;0;0;0;0;0;0;0;0;0;0;0;0;0;0;0;0;0;0;0;160;0;0;0
129008;869;2616;32;41;9999;0;1057;0;3685;3895;5;4;1478;525;1353;1;0;1;12;72;98;0;0;72;0;0;2304;2536;62939;1594;0;30;68;69;73;69;30;25;26;20;89;0;0;15871;2674;0;2559;45;2605;0;5;0;0;0;0;0;0;0;0;0;0;0;0;0;0;0;0;0;0;0;0;160;0;0;0
130008;869;2616;32;41;9999;0;985;0;3685;3629;5;4;1478;525;1353;1;0;1;12;72;98;0;0;71;0;0;2304;2536;59662;1622;0;13;43;40;44;47;13;13;13;12;88;0;0;15871;2674;0;2559;45;2605;14;6;0;0;0;0;0;0;0;0;0;0;0;0;0;0;0;0;0;0;0;0;160;0;0;0
131009;869;2616;32;41;9999;0;1004;0;3685;3699;5;4;1478;525;1353;1;0;1;13;72;98;0;0;72;0;0;2304;2536;62967;1600;0;13;48;49;51;52;11;12;13;14;87;0;0;15871;2674;0;2559;45;2605;0;5;0;0;0;0;0;0;0;0;0;0;0;0;0;0;0;0;0;0;0;0;160;0;0;0
132009;869;2616;32;41;9999;0;898;0;3683;3307;5;4;1478;525;1353;1;0;1;12;72;98;0;0;72;0;0;2304;2536;62331;1617;0;14;49;47;50;53;14;12;12;16;87;0;0;15871;2674;0;2559;45;2605;0;5;0;0;0;0;0;0;0;0;0;0;0;0;0;0;0;0;0;0;0;0;160;0;0;0
133010;869;2616;32;41;9999;0;921;0;3682;3391;5;4;1478;525;1353;1;0;1;12;72;98;0;0;72;0;0;2304;2536;63075;1614;0;13;36;37;36;42;12;10;13;14;88;0;0;15871;2674;0;2559;45;2605;0;5;0;0;0;0;0;0;0;0;0;0;0;0;0;0;0;0;0;0;0;0;160;0;0;0
134009;869;2616;32;41;9999;0;931;0;3682;3427;5;4;1478;525;1353;1;0;1;12;72;97;0;0;72;0;0;2304;2536;63385;1615;0;16;37;37;38;33;16;10;13;12;88;0;0;15871;2674;0;2559;45;2605;0;5;0;0;0;0;0;0;0;0;0;0;0;0;0;0;0;0;0;0;0;0;160;0;0;0
135010;869;2616;32;41;9999;0;932;0;3682;3431;5;4;1478;525;1353;1;0;1;12;72;97;0;0;72;0;0;2304;2536;63362;1607;0;13;36;35;43;37;10;13;10;15;88;0;0;15871;2674;0;2559;45;2605;0;5;0;0;0;0;0;0;0;0;0;0;0;0;0;0;0;0;0;0;0;0;160;0;0;0
136009;869;2616;32;41;9999;0;947;0;3682;3486;5;4;1478;525;2000;1;0;1;12;72;98;0;0;72;0;0;2304;2536;62663;1616;0;13;36;37;37;37;13;12;13;15;88;0;0;15871;2674;0;2559;45;2605;0;5;0;0;0;0;0;0;0;0;0;0;0;0;0;0;0;0;0;0;0;0;160;0;0;0
137009;869;2616;32;41;9999;0;916;0;3682;3372;5;4;1478;525;2000;1;0;1;12;72;97;0;0;72;0;0;2304;2536;62618;1619;0;15;35;35;36;42;14;15;13;14;87;0;0;15871;2674;0;2559;45;2605;0;5;0;0;0;0;0;0;0;0;0;0;0;0;0;0;0;0;0;0;0;0;160;0;0;0
138043;870;2617;32;41;9999;0;901;0;3682;3317;5;4;1478;525;2000;1;0;1;12;72;98;0;0;72;0;0;2304;2536;62513;1609;0;13;32;31;35;32;13;10;12;14;87;0;0;15871;2675;0;2560;46;2606;0;5;0;0;0;0;0;0;0;0;0;0;0;0;0;0;0;0;0;0;0;0;160;0;0;0
139009;870;2617;32;41;9999;0;882;0;3682;3247;5;4;1478;525;2000;1;0;1;12;72;98;0;0;72;0;0;2304;2536;62847;1622;0;15;33;32;34;32;12;13;15;16;87;0;0;15871;2675;0;2560;46;2606;0;5;0;0;0;0;0;0;0;0;0;0;0;0;0;0;0;0;0;0;0;0;160;0;0;0
140009;870;2617;32;41;9999;0;997;0;3682;3670;5;4;1478;525;2000;1;0;1;12;72;97;0;0;72;0;0;2304;2536;62876;1606;0;13;32;33;33;34;13;13;13;14;88;0;0;15871;2675;0;2560;46;2606;0;5;0;0;0;0;0;0;0;0;0;0;0;0;0;0;0;0;0;0;0;0;160;0;0;0
141009;870;2617;32;41;9999;0;1039;0;3677;3820;5;4;1478;525;2000;1;0;1;12;72;98;0;0;72;0;0;2304;2536;62779;1606;0;18;50;50;56;52;18;14;12;16;88;0;0;15871;2675;0;2560;46;2606;0;5;0;0;0;0;0;0;0;0;0;0;0;0;0;0;0;0;0;0;0;0;160;0;0;0
142009;870;2617;32;41;9999;0;1039;0;3676;3819;5;4;1478;525;2000;1;0;1;12;72;97;0;0;72;0;0;2304;2536;62171;1599;0;13;41;42;42;42;11;13;11;14;87;0;0;15871;2675;0;2560;46;2606;0;5;0;0;0;0;0;0;0;0;0;0;0;0;0;0;0;0;0;0;0;0;160;0;0;0
143009;870;2617;32;41;9999;0;974;0;3676;3580;5;4;1478;525;2000;1;0;1;14;72;96;0;0;65;0;0;2304;2536;60323;1595;0;16;43;45;41;37;13;13;16;16;92;0;0;15871;2675;0;2560;46;2606;171;5;0;0;0;0;0;0;0;0;0;0;0;0;0;0;0;0;0;0;0;0;160;0;0;0
144010;870;2617;32;41;9999;0;954;0;3676;3506;5;4;1478;525;2000;1;0;1;14;72;97;0;0;71;0;0;2304;2536;62778;1631;0;15;35;35;34;36;11;11;15;14;92;0;0;15871;2675;0;2560;46;2606;50;5;0;0;0;0;0;0;0;0;0;0;0;0;0;0;0;0;0;0;0;0;160;0;0;0
145010;870;2617;32;41;9999;0;997;0;3676;3664;5;4;1478;525;2000;1;0;1;14;72;99;0;0;67;0;0;2304;2536;58599;1603;0;15;37;37;38;37;15;14;15;13;94;0;0;15871;2675;0;2560;46;2606;81;5;0;0;0;0;0;0;0;0;0;0;0;0;0;0;0;0;0;0;0;0;160;0;0;0
146010;870;2617;32;41;9999;0;900;0;3676;3308;5;4;1478;525;2000;1;0;1;15;72;97;0;0;65;0;0;2304;2536;60454;1615;0;17;33;36;32;37;13;14;17;16;96;0;0;15871;2675;0;2560;46;2606;9;5;0;0;0;0;0;0;0;0;0;0;0;0;0;0;0;0;0;0;0;0;160;0;0;0
147010;870;2617;32;41;9999;0;936;0;3676;3440;5;4;1478;525;2000;1;0;1;12;72;97;0;0;72;0;0;2304;2536;63281;1620;0;16;36;35;34;34;16;14;15;16;89;0;0;15871;2675;0;2560;46;2606;0;5;0;0;0;0;0;0;0;0;0;0;0;0;0;0;0;0;0;0;0;0;160;0;0;0
148010;870;2617;32;41;9999;0;878;0;3676;3227;5;4;1478;525;2000;1;0;1;12;72;97;0;0;72;0;0;2304;2536;61143;1604;0;17;35;29;34;30;12;17;13;14;87;0;0;15871;2675;0;2560;46;2606;0;5;0;0;0;0;0;0;0;0;0;0;0;0;0;0;0;0;0;0;0;0;160;0;0;0
149010;870;2617;32;41;9999;0;924;0;3684;3404;5;4;1478;525;2000;1;0;1;12;72;97;0;0;72;0;0;2304;2536;61198;1612;0;14;30;35;38;35;13;14;12;14;86;0;0;15871;2675;0;2560;46;2606;0;5;0;0;0;0;0;0;0;0;0;0;0;0;0;0;0;0;0;0;0;0;160;0;0;0
150010;870;2617;32;41;9999;0;961;0;3684;3540;5;4;1478;525;2000;1;0;1;12;72;98;0;0;72;0;0;2304;2536;62543;1633;0;16;37;37;34;38;15;16;16;16;87;0;0;15871;2675;0;2560;46;2606;0;5;0;0;0;0;0;0;0;0;0;0;0;0;0;0;0;0;0;0;0;0;160;0;0;0
151010;870;2617;32;41;9999;0;911;0;3684;3356;5;4;1478;525;2000;1;0;1;12;72;97;0;0;72;0;0;2304;2536;63724;1591;0;16;35;38;38;35;16;12;11;14;88;0;0;15871;2675;0;2560;46;2606;0;5;0;0;0;0;0;0;0;0;0;0;0;0;0;0;0;0;0;0;0;0;160;0;0;0
152010;870;2617;32;41;9999;0;938;0;3682;3453;5;4;1478;525;2000;1;0;1;12;72;97;0;0;72;0;0;2304;2536;63667;1607;0;14;32;38;37;38;12;13;14;13;88;0;0;15871;2675;0;2560;46;2606;0;5;0;0;0;0;0;0;0;0;0;0;0;0;0;0;0;0;0;0;0;0;160;0;0;0
153010;870;2617;32;41;9999;0;957;0;3682;3523;5;4;1478;525;2000;1;0;1;12;72;97;0;0;72;0;0;2304;2536;63645;1616;0;18;46;47;48;54;16;18;11;14;89;0;0;15871;2675;0;2560;46;2606;0;5;0;0;0;0;0;0;0;0;0;0;0;0;0;0;0;0;0;0;0;0;160;0;0;0
154010;870;2617;32;41;9999;0;948;0;3682;3490;5;4;1478;525;2000;1;0;1;12;72;97;0;0;72;0;0;2304;2536;63567;1609;0;14;34;31;33;36;14;10;10;14;88;0;0;15871;2675;0;2560;46;2606;0;5;0;0;0;0;0;0;0;0;0;0;0;0;0;0;0;0;0;0;0;0;160;0;0;0
155010;870;2617;32;41;9999;0;940;0;3682;3461;5;4;1478;525;2000;1;0;1;12;72;97;0;0;72;0;0;2304;2536;63984;1612;0;13;33;36;35;36;13;12;13;14;89;0;0;15871;2675;0;2560;46;2606;0;5;0;0;0;0;0;0;0;0;0;0;0;0;0;0;0;0;0;0;0;0;160;0;0;0
156011;870;2617;32;41;9999;0;919;0;3682;3383;5;4;1478;525;2000;1;0;1;12;72;97;0;0;72;0;0;2304;2536;63535;1612;0;16;36;35;38;35;10;16;13;13;89;0;0;15871;2675;0;2560;46;2606;0;5;0;0;0;0;0;0;0;0;0;0;0;0;0;0;0;0;0;0;0;0;160;0;0;0
157010;870;2617;32;41;9999;0;920;0;3683;3388;5;4;1478;525;2000;1;0;1;12;72;98;0;0;72;0;0;2304;2536;63999;1638;0;15;34;40;41;42;13;13;15;15;88;0;0;15871;2675;0;2560;46;2606;0;5;0;0;0;0;0;0;0;0;0;0;0;0;0;0;0;0;0;0;0;0;160;0;0;0
158043;870;2619;32;41;9999;0;895;0;3683;3296;5;4;1478;525;2000;1;0;1;12;72;97;0;0;72;0;0;2304;2536;63526;1605;0;15;34;32;37;36;15;14;10;14;89;0;0;15871;2677;0;2562;46;2608;0;5;0;0;0;0;0;0;0;0;0;0;0;0;0;0;0;0;0;0;0;0;160;0;0;0
159011;870;2619;32;41;9999;0;941;0;3683;3465;5;4;1478;525;2000;1;0;1;12;72;98;0;0;72;0;0;2304;2536;64243;1619;0;15;34;36;35;42;14;15;12;14;89;0;0;15871;2677;0;2562;46;2608;0;5;0;0;0;0;0;0;0;0;0;0;0;0;0;0;0;0;0;0;0;0;160;0;0;0
160011;870;2619;32;41;9999;0;917;0;3683;3377;5;4;1478;525;2000;1;0;1;12;72;97;0;0;72;0;0;2304;2536;64285;1564;0;15;35;35;35;39;12;13;15;14;89;0;0;15871;2677;0;2562;46;2608;0;5;0;0;0;0;0;0;0;0;0;0;0;0;0;0;0;0;0;0;0;0;160;0;0;0
161011;870;2619;32;41;9999;0;906;0;3683;3336;5;4;1478;525;2000;1;0;1;12;72;97;0;0;72;0;0;2304;2536;63781;1597;0;14;34;41;43;44;14;11;13;16;89;0;0;15871;2677;0;2562;46;2608;0;5;0;0;0;0;0;0;0;0;0;0;0;0;0;0;0;0;0;0;0;0;160;0;0;0
162011;870;2619;32;41;9999;0;947;0;3681;3485;5;4;1478;525;2000;1;0;1;12;72;98;0;0;72;0;0;2304;2536;63372;1607;0;12;32;29;38;33;11;12;11;14;88;0;0;15871;2677;0;2562;46;2608;0;5;0;0;0;0;0;0;0;0;0;0;0;0;0;0;0;0;0;0;0;0;160;0;0;0
163011;870;2619;32;41;9999;0;909;0;3681;3346;5;4;1478;525;2000;1;0;1;12;72;97;0;0;72;0;0;2304;2536;63643;1599;0;13;37;34;36;34;13;12;12;14;89;0;0;15871;2677;0;2562;46;2608;0;5;0;0;0;0;0;0;0;0;0;0;0;0;0;0;0;0;0;0;0;0;160;0;0;0
164011;870;2619;32;41;9999;0;975;0;3681;3588;5;4;1478;525;2000;1;0;1;12;72;98;0;0;72;0;0;2304;2536;63736;1619;0;16;30;34;36;32;16;13;13;15;88;0;0;15871;2677;0;2562;46;2608;0;5;0;0;0;0;0;0;0;0;0;0;0;0;0;0;0;0;0;0;0;0;160;0;0;0
165011;870;2619;32;41;9999;0;942;0;3679;3465;5;4;1478;525;2000;1;0;1;12;72;98;0;0;72;0;0;2304;2536;63581;1598;0;16;40;35;41;37;14;16;16;14;89;0;0;15871;2677;0;2562;46;2608;0;5;0;0;0;0;0;0;0;0;0;0;0;0;0;0;0;0;0;0;0;0;160;0;0;0
166011;870;2619;31;41;9999;0;993;0;3679;3653;5;4;1478;525;2000;1;0;1;14;72;97;0;0;64;0;0;2304;2536;58087;1605;0;18;42;41;44;47;17;18;15;18;93;0;0;15871;2677;0;2562;46;2608;150;5;0;0;0;0;0;0;0;0;0;0;0;0;0;0;0;0;0;0;0;0;160;0;0;0
167011;870;2619;31;41;9999;0;990;0;3679;3642;5;4;1478;525;2000;1;0;1;14;72;97;0;0;62;0;0;2304;2536;58446;1584;0;18;40;43;41;38;13;18;16;18;95;0;0;15871;2677;0;2562;46;2608;24;5;0;0;0;0;0;0;0;0;0;0;0;0;0;0;0;0;0;0;0;0;160;0;0;0
168012;870;2619;31;41;9999;0;1004;0;3679;3693;5;4;1478;525;2000;1;0;1;15;72;96;0;0;62;0;0;2304;2536;57722;1579;0;17;43;37;40;44;17;16;15;14;94;0;0;15871;2677;0;2562;46;2608;24;5;0;0;0;0;0;0;0;0;0;0;0;0;0;0;0;0;0;0;0;0;160;0;0;0
169011;870;2619;31;41;9999;0;1049;0;3679;3859;5;4;1478;525;2000;1;0;1;15;72;94;0;0;67;0;0;2304;2536;59424;1587;0;19;40;44;43;47;16;19;16;15;96;0;0;15871;2677;0;2562;46;2608;44;5;0;0;0;0;0;0;0;0;0;0;0;0;0;0;0;0;0;0;0;0;160;0;0;0
170011;870;2619;31;41;9999;0;1063;0;3679;3910;5;4;1478;525;2000;1;0;1;15;72;97;0;0;69;0;0;2304;2536;60299;1596;0;14;45;37;43;40;12;14;12;16;96;0;0;15871;2677;0;2562;46;2608;54;6;0;0;0;0;0;0;0;0;0;0;0;0;0;0;0;0;0;0;0;0;160;0;0;0
171011;870;2619;31;41;9999;0;925;0;3679;3403;5;4;1478;525;2000;1;0;1;15;72;98;0;0;62;0;0;2304;2536;60226;1571;0;17;42;42;45;49;17;15;17;16;97;0;0;15871;2677;0;2562;46;2608;9;5;0;0;0;0;0;0;0;0;0;0;0;0;0;0;0;0;0;0;0;0;160;0;0;0
172013;870;2619;31;41;9999;0;931;0;3681;3427;5;4;1478;525;2000;1;0;1;15;72;97;0;0;72;0;0;2304;2536;60252;1595;0;13;39;38;38;38;13;11;12;14;94;0;0;15871;2677;0;2562;46;2608;0;5;0;0;0;0;0;0;0;0;0;0;0;0;0;0;0;0;0;0;0;0;160;0;0;0
173013;870;2619;31;41;9999;0;918;0;3682;3380;5;4;1478;525;2000;1;0;1;14;72;98;0;0;71;0;0;2304;2536;61855;1582;0;16;37;37;43;41;16;13;14;16;92;0;0;15871;2677;0;2562;46;2608;90;5;0;0;0;0;0;0;0;0;0;0;0;0;0;0;0;0;0;0;0;0;160;0;0;0
174012;870;2619;31;41;9999;0;945;0;3682;3479;5;4;1478;525;2000;1;0;1;13;72;98;0;0;72;0;0;2304;2536;63136;1565;0;15;36;39;40;37;14;15;14;13;89;0;0;15871;2677;0;2562;46;2608;0;5;0;0;0;0;0;0;0;0;0;0;0;0;0;0;0;0;0;0;0;0;160;0;0;0
175012;870;2619;31;41;9999;0;891;0;3682;3280;5;4;1478;525;2000;1;0;1;12;72;97;0;0;72;0;0;2304;2536;62788;1605;0;16;37;37;41;36;16;10;12;15;87;0;0;15871;2677;0;2562;46;2608;0;5;0;0;0;0;0;0;0;0;0;0;0;0;0;0;0;0;0;0;0;0;160;0;0;0
176012;870;2619;31;41;9999;0;1014;0;3682;3733;5;4;1478;525;1353;1;0;1;12;72;97;0;0;72;0;0;2304;2536;62652;1583;0;14;38;39;41;36;11;14;11;16;88;0;0;15871;2677;0;2562;46;2608;0;5;0;0;0;0;0;0;0;0;0;0;0;0;0;0;0;0;0;0;0;0;160;0;0;0
177012;870;2619;31;41;9999;0;977;0;3682;3597;5;4;1478;525;1353;1;0;1;12;72;98;0;0;72;0;0;2304;2536;62271;1611;0;15;39;39;40;41;15;12;15;14;87;0;0;15871;2677;0;2562;46;2608;0;5;0;0;0;0;0;0;0;0;0;0;0;0;0;0;0;0;0;0;0;0;160;0;0;0
178046;858;2620;31;41;9999;0;983;0;3677;3614;5;4;1478;525;1353;1;0;1;12;72;98;0;0;72;0;0;2304;2536;62352;1620;0;14;32;34;39;34;14;11;12;16;87;0;0;15872;2678;0;2562;46;2608;0;5;0;0;0;0;0;0;0;0;0;0;0;0;0;0;0;0;0;0;0;0;160;0;0;0
179012;858;2620;31;41;9999;0;1020;0;3677;3750;5;4;1478;525;1353;1;0;1;12;72;98;0;0;72;0;0;2304;2536;62089;1601;0;17;35;33;41;41;17;13;13;15;87;0;0;15872;2678;0;2562;46;2608;0;5;0;0;0;0;0;0;0;0;0;0;0;0;0;0;0;0;0;0;0;0;160;0;0;0
180012;858;2620;31;41;9999;0;990;0;3677;3640;5;4;1478;525;1353;1;0;1;12;72;98;0;0;72;0;0;2304;2536;62209;1609;0;14;37;41;38;39;11;14;11;16;86;0;0;15872;2678;0;2562;46;2608;0;5;0;0;0;0;0;0;0;0;0;0;0;0;0;0;0;0;0;0;0;0;160;0;0;0
181012;858;2620;31;41;9999;0;942;0;3679;3465;5;4;1478;525;1353;1;0;1;12;72;98;0;0;72;0;0;2304;2536;62234;1604;0;17;39;43;43;44;13;13;17;16;87;0;0;15872;2678;0;2562;46;2608;0;5;0;0;0;0;0;0;0;0;0;0;0;0;0;0;0;0;0;0;0;0;160;0;0;0
182012;858;2620;31;41;9999;0;1025;0;3674;3765;5;4;1478;525;1353;1;0;1;12;72;98;0;0;72;0;0;2304;2536;62347;1610;0;17;36;34;35;35;13;14;17;14;87;0;0;15872;2678;0;2562;46;2608;0;5;0;0;0;0;0;0;0;0;0;0;0;0;0;0;0;0;0;0;0;0;160;0;0;0
183012;858;2620;31;41;9999;0;969;0;3674;3560;5;4;1478;525;1353;1;0;1;12;72;97;0;0;72;0;0;2304;2536;62057;1605;0;17;35;36;41;37;17;11;14;16;87;0;0;15872;2678;0;2562;46;2608;0;5;0;0;0;0;0;0;0;0;0;0;0;0;0;0;0;0;0;0;0;0;160;0;0;0
184012;858;2620;31;41;9999;0;985;0;3674;3618;5;4;1478;525;1353;1;0;1;12;72;98;0;0;72;0;0;2304;2536;61852;1601;0;12;36;36;32;35;12;10;11;14;87;0;0;15872;2678;0;2562;46;2608;0;5;0;0;0;0;0;0;0;0;0;0;0;0;0;0;0;0;0;0;0;0;160;0;0;0
185012;858;2620;31;41;9999;0;976;0;3674;3585;5;4;1478;525;1353;1;0;1;12;72;97;0;0;72;0;0;2304;2536;62591;1612;0;17;41;36;38;40;17;11;9;14;87;0;0;15872;2678;0;2562;46;2608;0;5;0;0;0;0;0;0;0;0;0;0;0;0;0;0;0;0;0;0;0;0;160;0;0;0
186012;858;2620;31;41;9999;0;996;0;3674;3659;5;4;1478;525;1353;1;0;1;12;72;97;0;0;72;0;0;2304;2536;62484;1599;0;14;34;34;38;38;14;12;12;16;87;0;0;15872;2678;0;2562;46;2608;0;5;0;0;0;0;0;0;0;0;0;0;0;0;0;0;0;0;0;0;0;0;160;0;0;0
187012;858;2620;31;41;9999;0;970;0;3674;3563;5;4;1478;525;1353;1;0;1;12;72;97;0;0;72;0;0;2304;2536;62475;1610;0;14;31;35;36;37;11;14;11;14;87;0;0;15872;2678;0;2562;46;2608;0;5;0;0;0;0;0;0;0;0;0;0;0;0;0;0;0;0;0;0;0;0;160;0;0;0
188012;858;2620;31;41;9999;0;1196;0;3674;4394;5;4;1478;525;1353;1;0;1;12;72;97;0;0;72;0;0;2304;2536;62440;1611;0;15;33;30;37;39;10;15;12;15;87;0;0;15872;2678;0;2562;46;2608;0;5;0;0;0;0;0;0;0;0;0;0;0;0;0;0;0;0;0;0;0;0;160;0;0;0
189013;858;2620;31;41;9999;0;1060;0;3674;3894;5;4;1478;525;1353;1;0;1;12;72;98;0;0;72;0;0;2304;2536;63506;1606;0;32;75;76;78;79;32;31;27;21;88;0;0;15872;2678;0;2562;46;2608;0;5;0;0;0;0;0;0;0;0;0;0;0;0;0;0;0;0;0;0;0;0;160;0;0;0
190013;858;2620;31;41;9999;0;965;0;3672;3543;5;4;1478;525;1353;1;0;1;13;72;98;0;0;72;0;0;2304;2536;58797;1614;0;17;61;62;75;72;14;17;13;15;92;0;0;15872;2678;0;2562;46;2608;0;5;0;0;0;0;0;0;0;0;0;0;0;0;0;0;0;0;0;0;0;0;160;0;0;0
191013;858;2620;31;41;9999;0;1062;0;3672;3899;5;4;1478;525;1353;1;0;1;14;72;98;0;0;72;0;0;2304;2536;59748;1600;0;16;48;46;51;56;13;13;16;13;93;0;0;15872;2678;0;2562;46;2608;0;5;0;0;0;0;0;0;0;0;0;0;0;0;0;0;0;0;0;0;0;0;160;0;0;0
192013;858;2620;31;41;9999;0;1067;0;3672;3918;5;4;1478;525;1353;1;0;1;14;72;97;0;0;72;0;0;2304;2536;60756;1601;0;16;43;48;54;52;16;14;14;15;94;0;0;15872;2678;0;2562;46;2608;0;5;0;0;0;0;0;0;0;0;0;0;0;0;0;0;0;0;0;0;0;0;160;0;0;0
193013;858;2620;31;41;9999;0;947;0;3672;3477;5;4;1478;525;1353;1;0;1;14;72;98;0;0;62;0;0;2304;2536;59243;1610;0;16;38;40;38;37;13;16;16;16;96;0;0;15872;2678;0;2562;46;2608;158;5;0;0;0;0;0;0;0;0;0;0;0;0;0;0;0;0;0;0;0;0;160;0;0;0
194013;858;2620;31;41;9999;0;1002;0;3672;3679;5;4;1478;525;1353;1;0;1;15;72;98;0;0;58;0;0;2304;2536;59606;1596;0;14;32;35;38;42;14;14;14;14;97;0;0;15872;2678;0;2562;46;2608;4;4;0;0;0;0;0;0;0;0;0;0;0;0;0;0;0;0;0;0;0;0;160;0;0;0
195013;858;2620;31;41;9999;0;925;0;3672;3396;5;4;1478;525;1353;1;0;1;15;72;97;0;0;61;0;0;2304;2536;59819;1578;0;16;34;33;37;43;16;13;14;16;97;0;0;15872;2678;0;2562;46;2608;14;5;0;0;0;0;0;0;0;0;0;0;0;0;0;0;0;0;0;0;0;0;160;0;0;0
196014;858;2620;31;41;9999;0;1005;0;3672;3690;5;4;1478;525;1353;1;0;1;15;72;98;0;0;62;0;0;2304;2536;59750;1584;0;14;37;34;34;40;14;12;14;16;97;0;0;15872;2678;0;2562;46;2608;14;5;0;0;0;0;0;0;0;0;0;0;0;0;0;0;0;0;0;0;0;0;160;0;0;0
197013;858;2620;31;41;9999;0;912;0;3672;3348;5;4;1478;525;1353;1;0;1;14;72;97;0;0;70;0;0;2304;2536;61913;1590;0;14;35;36;38;42;13;14;14;16;94;0;0;15872;2678;0;2562;46;2608;4;5;0;0;0;0;0;0;0;0;0;0;0;0;0;0;0;0;0;0;0;0;160;0;0;0
198046;859;2620;31;41;9999;0;913;0;3680;3359;5;4;1478;525;1353;1;0;1;14;72;97;0;0;69;0;0;2304;2536;59667;1602;0;15;32;32;35;37;12;14;15;15;95;0;0;15872;2679;0;2562;46;2608;123;5;0;0;0;0;0;0;0;0;0;0;0;0;0;0;0;0;0;0;0;0;160;0;0;0
199013;859;2620;31;41;9999;0;949;0;3680;3492;5;4;1478;525;1353;1;0;1;14;72;98;0;0;71;0;0;2304;2536;63003;1580;0;14;36;37;40;42;14;13;13;16;91;0;0;15872;2679;0;2562;46;2608;14;5;0;0;0;0;0;0;0;0;0;0;0;0;0;0;0;0;0;0;0;0;160;0;0;0
200013;859;2620;31;41;9999;0;1043;0;3680;3838;5;4;1478;525;1353;1;0;1;13;72;98;0;0;72;0;0;2304;2536;63206;1524;0;15;34;36;41;36;15;15;12;17;89;0;0;15872;2679;0;2562;46;2608;0;5;0;0;0;0;0;0;0;0;0;0;0;0;0;0;0;0;0;0;0;0;160;0;0;0
201013;859;2620;31;41;9999;0;1131;0;3680;4162;5;4;1478;525;1353;1;0;1;14;72;96;0;0;60;0;0;2304;2536;57591;1703;0;16;70;68;70;70;16;16;15;22;93;0;0;15872;2679;0;2562;46;2608;137;5;0;0;0;0;0;0;0;0;0;0;0;0;0;0;0;0;0;0;0;0;160;0;0;0
202013;859;2620;31;41;9999;0;1030;0;3674;3784;5;4;1478;525;1353;1;0;1;12;72;98;0;0;72;0;0;2304;2536;65535;4199;0;12;63;64;67;67;9;12;9;23;97;0;0;15872;2679;0;2562;46;2608;0;6;0;0;0;0;0;0;0;0;0;0;0;0;0;0;0;0;0;0;0;0;160;0;0;0
203013;859;2620;31;41;9999;0;961;0;3674;3530;5;4;1478;525;1353;1;0;1;12;72;97;0;0;67;0;0;2304;2536;54612;1588;0;12;63;64;67;67;9;12;9;23;93;0;0;15872;2679;0;2562;46;2608;127;6;0;0;0;0;0;0;0;0;0;0;0;0;0;0;0;0;0;0;0;0;160;0;0;0
204014;859;2620;31;41;9999;0;946;0;3674;3475;5;4;1478;525;1353;1;0;1;15;72;93;0;0;58;0;0;2304;2536;56248;1596;0;14;43;43;46;44;12;14;13;17;92;0;0;15872;2679;0;2562;46;2608;4;4;0;0;0;0;0;0;0;0;0;0;0;0;0;0;0;0;0;0;0;0;160;0;0;0
205014;859;2620;31;41;9999;0;944;0;3674;3468;5;4;1478;525;1353;1;0;1;15;72;92;0;0;59;0;0;2304;2536;56147;1585;0;14;38;39;41;43;13;13;14;15;92;0;0;15872;2679;0;2562;46;2608;9;5;0;0;0;0;0;0;0;0;0;0;0;0;0;0;0;0;0;0;0;0;160;0;0;0
206014;859;2620;31;41;9999;0;1058;0;3679;3892;5;4;1478;525;1804;1;0;1;15;72;93;0;0;64;0;0;2304;2536;57691;1590;0;14;38;39;41;43;13;13;14;15;94;0;0;15872;2679;0;2562;46;2608;34;5;0;0;0;0;0;0;0;0;0;0;0;0;0;0;0;0;0;0;0;0;160;0;0;0
207014;859;2620;31;41;9999;0;963;0;3679;3542;5;4;1478;525;1804;1;0;1;15;72;94;0;0;64;0;0;2304;2536;59678;1567;0;18;39;36;37;40;18;16;14;16;95;0;0;15872;2679;0;2562;46;2608;14;5;0;0;0;0;0;0;0;0;0;0;0;0;0;0;0;0;0;0;0;0;160;0;0;0
208014;859;2620;31;41;9999;0;1015;0;3679;3734;5;4;1478;525;1804;1;0;1;15;72;95;0;0;61;0;0;2304;2536;58000;1592;0;18;39;36;37;40;18;16;14;16;95;0;0;15872;2679;0;2562;46;2608;39;4;0;0;0;0;0;0;0;0;0;0;0;0;0;0;0;0;0;0;0;0;160;0;0;0
209014;859;2620;31;41;9999;0;1064;0;3679;3914;5;4;1478;525;1804;1;0;1;15;72;97;1;0;64;0;0;2304;2536;60877;4184;0;18;37;37;35;39;15;18;16;14;96;0;0;15872;2679;0;2562;46;2608;4;6;0;0;0;0;0;0;0;0;0;0;0;0;0;0;0;0;0;0;0;0;160;0;0;0
210014;859;2620;31;41;9999;0;1092;0;3669;4006;5;4;1478;525;1804;1;0;1;13;72;96;0;0;72;0;0;2304;2536;65535;4167;0;12;57;56;63;63;10;12;9;24;98;0;0;15872;2679;0;2562;46;2608;0;6;0;0;0;0;0;0;0;0;0;0;0;0;0;0;0;0;0;0;0;0;160;0;0;0
211014;859;2620;31;41;9999;0;996;0;3669;3654;5;4;1478;525;1804;1;0;1;11;72;99;0;0;72;0;0;2304;2536;65535;2732;0;12;57;56;63;63;10;12;9;24;99;0;0;15872;2679;0;2562;46;2608;0;7;0;0;0;0;0;0;0;0;0;0;0;0;0;0;0;0;0;0;0;0;160;0;0;0
212014;859;2620;31;41;9999;0;1213;0;3660;4439;5;4;1478;525;1804;1;0;1;11;72;99;0;0;68;0;0;2304;2536;50086;1545;0;14;59;56;59;59;13;13;14;18;90;0;0;15872;2679;0;2562;46;2608;230;5;0;0;0;0;0;0;0;0;0;0;0;0;0;0;0;0;0;0;0;0;160;0;0;0
213014;859;2620;31;41;9999;0;1129;0;3660;4132;5;4;1478;525;1804;1;0;1;15;72;92;1;0;69;0;0;2304;2536;61950;4170;0;18;81;82;83;88;18;13;16;31;95;0;0;15872;2679;0;2562;46;2608;4;6;0;0;0;0;0;0;0;0;0;0;0;0;0;0;0;0;0;0;0;0;160;0;0;0
214014;859;2620;31;41;9999;0;1100;0;3667;4033;5;4;1478;525;1804;1;0;1;12;72;99;0;0;65;0;0;2304;2536;53420;1588;0;18;81;82;83;88;18;13;16;31;93;0;0;15872;2679;0;2562;46;2608;100;6;0;0;0;0;0;0;0;0;0;0;0;0;0;0;0;0;0;0;0;0;160;0;0;0
215015;859;2620;31;41;9999;0;1059;0;3667;3883;5;4;1478;525;1804;1;0;1;14;72;95;2;0;68;0;0;2304;2536;65535;4236;0;17;74;70;75;80;15;17;12;24;97;0;0;15872;2679;0;2562;46;2608;4;6;0;0;0;0;0;0;0;0;0;0;0;0;0;0;0;0;0;0;0;0;160;0;0;0
216015;859;2620;31;41;9999;0;1148;0;3667;4209;5;4;1478;525;2000;1;0;1;12;72;99;0;0;72;0;0;2304;2536;64449;4206;0;17;74;70;75;80;15;17;12;24;96;0;0;15872;2679;0;2562;46;2608;0;6;0;0;0;0;0;0;0;0;0;0;0;0;0;0;0;0;0;0;0;0;160;0;0;0
217014;859;2620;31;41;9999;0;1130;0;3667;4143;5;4;1478;525;2000;1;0;1;11;72;99;0;0;72;0;0;2304;2536;63060;4228;0;15;64;66;71;69;12;15;13;25;95;0;0;15872;2679;0;2562;46;2608;0;6;0;0;0;0;0;0;0;0;0;0;0;0;0;0;0;0;0;0;0;0;160;0;0;0
218048;840;2620;31;41;9999;0;1095;0;3667;4015;5;4;1478;525;2000;1;0;1;11;72;100;0;0;72;0;0;2304;2536;62534;4224;0;12;66;67;66;70;11;10;12;28;94;0;0;15872;2679;0;2563;46;2609;0;6;0;0;0;0;0;0;0;0;0;0;0;0;0;0;0;0;0;0;0;0;160;0;0;0
219015;840;2620;31;41;9999;0;1131;0;3667;4147;5;4;1478;525;2000;1;0;1;11;72;100;0;0;72;0;0;2304;2536;62558;4217;0;12;66;67;66;70;11;10;12;28;94;0;0;15872;2679;0;2563;46;2609;0;6;0;0;0;0;0;0;0;0;0;0;0;0;0;0;0;0;0;0;0;0;160;0;0;0
220015;840;2620;31;41;9999;0;1068;0;3667;3916;5;4;1478;525;2000;1;0;1;11;72;99;0;0;72;0;0;2304;2536;65535;4184;0;14;57;58;64;66;14;13;14;26;96;0;0;15872;2679;0;2563;46;2609;0;6;0;0;0;0;0;0;0;0;0;0;0;0;0;0;0;0;0;0;0;0;160;0;0;0
221015;840;2620;31;41;9999;0;1069;0;3667;3920;5;4;1478;525;2000;1;0;1;11;72;100;0;0;72;0;0;2304;2536;63782;4200;0;12;61;59;63;62;12;12;12;29;95;0;0;15872;2679;0;2563;46;2609;0;6;0;0;0;0;0;0;0;0;0;0;0;0;0;0;0;0;0;0;0;0;160;0;0;0
222015;840;2620;31;41;9999;0;1005;0;3673;3691;5;4;1478;525;2000;1;0;1;11;72;98;0;0;72;0;0;2304;2536;64092;4191;0;13;55;56;57;63;12;13;13;26;95;0;0;15872;2679;0;2563;46;2609;0;6;0;0;0;0;0;0;0;0;0;0;0;0;0;0;0;0;0;0;0;0;160;0;0;0
223015;840;2620;31;41;9999;0;1004;0;3673;3687;5;4;1478;525;2000;1;0;1;11;72;99;0;0;72;0;0;2304;2536;62659;4210;0;13;55;56;57;63;12;13;13;26;94;0;0;15872;2679;0;2563;46;2609;0;6;0;0;0;0;0;0;0;0;0;0;0;0;0;0;0;0;0;0;0;0;160;0;0;0
224015;840;2620;31;41;9999;0;1053;0;3673;3867;5;4;1478;525;2000;1;0;1;11;72;99;0;0;72;0;0;2304;2536;63517;4195;0;12;60;59;63;60;11;12;12;27;94;0;0;15872;2679;0;2563;46;2609;0;6;0;0;0;0;0;0;0;0;0;0;0;0;0;0;0;0;0;0;0;0;160;0;0;0
225015;840;2620;31;41;9999;0;1078;0;3673;3959;5;4;1478;525;2000;1;0;1;11;72;99;0;0;72;0;0;2304;2536;65535;4195;0;15;59;59;59;64;15;15;13;28;97;0;0;15872;2679;0;2563;46;2609;0;7;0;0;0;0;0;0;0;0;0;0;0;0;0;0;0;0;0;0;0;0;160;0;0;0
226015;840;2620;31;41;9999;0;1095;0;3673;4021;5;4;1478;525;2000;1;0;1;11;72;99;0;0;72;0;0;2304;2536;65535;4179;0;15;59;59;59;64;15;15;13;28;98;0;0;15872;2679;0;2563;46;2609;0;7;0;0;0;0;0;0;0;0;0;0;0;0;0;0;0;0;0;0;0;0;160;0;0;0
227015;840;2620;31;41;9999;0;1035;0;3673;3801;5;4;1478;525;2000;1;0;1;11;72;99;0;0;72;0;0;2304;2536;65535;4143;0;11;55;57;56;55;10;10;11;30;99;0;0;15872;2679;0;2563;46;2609;0;7;0;0;0;0;0;0;0;0;0;0;0;0;0;0;0;0;0;0;0;0;160;0;0;0
228015;840;2620;31;41;9999;0;1025;0;3673;3764;5;4;1478;525;2000;1;0;1;11;72;100;1;0;70;0;0;2304;2536;62193;4212;0;12;58;55;55;59;12;11;11;27;96;0;0;15872;2679;0;2563;46;2609;0;6;0;0;0;0;0;0;0;0;0;0;0;0;0;0;0;0;0;0;0;0;160;0;0;0
229015;840;2620;31;41;9999;0;999;0;3674;3670;5;4;1478;525;2000;1;0;1;12;72;98;1;0;72;0;0;2304;2536;61228;4157;0;14;56;56;57;60;14;14;14;22;97;0;0;15872;2679;0;2563;46;2609;0;7;0;0;0;0;0;0;0;0;0;0;0;0;0;0;0;0;0;0;0;0;160;0;0;0
230016;840;2620;31;41;9999;0;1078;0;3667;3953;5;4;1478;525;2000;1;0;1;12;72;98;0;0;72;0;0;2304;2536;65535;4182;0;13;57;57;61;59;12;12;13;26;98;0;0;15872;2679;0;2563;46;2609;0;7;0;0;0;0;0;0;0;0;0;0;0;0;0;0;0;0;0;0;0;0;160;0;0;0
231015;840;2620;31;41;9999;0;1145;0;3667;4198;5;4;1478;525;2000;1;0;1;11;72;86;0;0;72;0;0;2304;2536;65535;4183;0;16;57;55;62;60;14;16;13;30;99;0;0;15872;2679;0;2563;46;2609;0;7;0;0;0;0;0;0;0;0;0;0;0;0;0;0;0;0;0;0;0;0;160;0;0;0
232016;840;2620;31;41;9999;0;1056;0;3671;3876;5;4;1478;525;2000;1;0;1;10;72;63;0;0;72;0;0;2304;2536;65535;4183;0;12;56;56;58;59;12;10;12;25;99;0;0;15872;2679;0;2563;46;2609;0;7;0;0;0;0;0;0;0;0;0;0;0;0;0;0;0;0;0;0;0;0;160;0;0;0
233016;840;2620;31;41;9999;0;1027;0;3671;3770;5;4;1478;525;2000;1;0;1;10;72;36;0;0;72;0;0;2304;2536;65535;4086;0;13;59;63;65;68;12;13;13;30;99;0;0;15872;2679;0;2563;46;2609;0;7;0;0;0;0;0;0;0;0;0;0;0;0;0;0;0;0;0;0;0;0;160;0;0;0
234016;840;2620;31;41;9999;0;1050;0;3671;3854;5;4;1478;525;2000;1;0;1;10;72;51;0;0;72;0;0;2304;2536;65535;4183;0;13;59;63;65;68;12;13;13;30;99;0;0;15872;2679;0;2563;46;2609;0;7;0;0;0;0;0;0;0;0;0;0;0;0;0;0;0;0;0;0;0;0;160;0;0;0
235016;840;2620;31;41;9999;0;945;0;3671;3469;5;4;1478;525;2000;1;0;1;11;72;37;0;0;72;0;0;2304;2536;65535;1618;0;14;55;56;58;61;13;11;14;26;99;0;0;15872;2679;0;2563;46;2609;0;6;0;0;0;0;0;0;0;0;0;0;0;0;0;0;0;0;0;0;0;0;160;0;0;0
236016;840;2620;31;41;9999;0;971;0;3671;3564;5;4;1478;525;2000;1;0;1;13;72;89;0;0;72;0;0;2304;2536;62194;1594;0;13;38;36;36;37;13;13;12;17;92;0;0;15872;2679;0;2563;46;2609;0;5;0;0;0;0;0;0;0;0;0;0;0;0;0;0;0;0;0;0;0;0;160;0;0;0
237016;840;2620;31;41;9999;0;906;0;3671;3325;5;4;1478;525;2000;1;0;1;12;72;98;0;0;72;0;0;2304;2536;62195;1604;0;14;34;37;36;32;11;14;12;15;88;0;0;15872;2679;0;2563;46;2609;0;5;0;0;0;0;0;0;0;0;0;0;0;0;0;0;0;0;0;0;0;0;160;0;0;0
238051;844;2620;31;41;9999;0;901;0;3682;3317;5;4;1478;525;2000;1;0;1;12;72;98;0;0;72;0;0;2304;2536;62379;1601;0;14;37;36;40;36;12;12;14;16;88;0;0;15872;2679;0;2563;46;2609;0;5;0;0;0;0;0;0;0;0;0;0;0;0;0;0;0;0;0;0;0;0;160;0;0;0
239016;844;2620;31;41;9999;0;935;0;3682;3442;5;4;1478;525;2000;1;0;1;12;72;98;0;0;72;0;0;2304;2536;59356;1630;0;12;32;35;37;34;11;12;12;17;87;0;0;15872;2679;0;2563;46;2609;0;5;0;0;0;0;0;0;0;0;0;0;0;0;0;0;0;0;0;0;0;0;160;0;0;0
240016;844;2620;31;41;9999;0;881;0;3682;3243;5;4;1478;525;2000;1;0;1;13;72;98;0;0;72;0;0;2304;2536;60778;1617;0;18;38;37;39;41;15;18;14;14;87;0;0;15872;2679;0;2563;46;2609;0;5;0;0;0;0;0;0;0;0;0;0;0;0;0;0;0;0;0;0;0;0;160;0;0;0
241016;844;2620;31;41;9999;0;997;0;3682;3670;5;4;1478;525;2000;1;0;1;14;72;98;0;0;70;0;0;2304;2536;59849;1626;0;13;40;37;39;42;10;13;10;15;94;0;0;15872;2679;0;2563;46;2609;104;5;0;0;0;0;0;0;0;0;0;0;0;0;0;0;0;0;0;0;0;0;160;0;0;0
242034;844;2620;31;41;9999;0;1031;0;3677;3790;5;4;1478;525;2000;1;0;1;15;72;97;0;0;65;0;0;2304;2536;65066;1592;0;18;46;49;51;52;12;15;18;16;95;0;0;15872;2679;0;2563;46;2609;4;5;0;0;0;0;0;0;0;0;0;0;0;0;0;0;0;0;0;0;0;0;160;0;0;0
243016;844;2620;31;41;9999;0;987;0;3677;3629;5;4;1478;525;2000;1;0;1;13;72;97;0;0;72;0;0;2304;2536;64283;1613;0;16;36;29;38;35;12;16;13;13;90;0;0;15872;2679;0;2563;46;2609;0;5;0;0;0;0;0;0;0;0;0;0;0;0;0;0;0;0;0;0;0;0;160;0;0;0
244016;844;2620;31;41;9999;0;999;0;3677;3673;5;4;1478;525;2000;1;0;1;13;72;97;0;0;72;0;0;2304;2536;61505;1596;0;15;48;52;50;54;14;15;12;16;89;0;0;15872;2679;0;2563;46;2609;0;5;0;0;0;0;0;0;0;0;0;0;0;0;0;0;0;0;0;0;0;0;160;0;0;0
245017;844;2620;31;41;9999;0;1110;0;3677;4081;5;4;1478;525;2000;1;0;1;14;72;98;0;0;62;0;0;2304;2536;55180;1589;0;16;42;42;43;45;13;16;13;15;91;0;0;15872;2679;0;2563;46;2609;206;5;0;0;0;0;0;0;0;0;0;0;0;0;0;0;0;0;0;0;0;0;160;0;0;0
246016;844;2620;31;41;9999;0;1058;0;3666;3878;5;4;1478;525;2000;1;0;1;14;72;95;2;0;69;0;0;2304;2536;65535;4188;0;18;47;47;50;47;18;12;12;16;95;0;0;15872;2679;0;2563;46;2609;4;6;0;0;0;0;0;0;0;0;0;0;0;0;0;0;0;0;0;0;0;0;160;0;0;0
247016;844;2620;31;41;9999;0;1082;0;3666;3966;5;4;1478;525;2000;1;0;1;11;72;91;2;0;69;0;0;2304;2536;65535;4193;0;16;71;69;69;75;12;16;16;26;98;0;0;15872;2679;0;2563;46;2609;4;6;0;0;0;0;0;0;0;0;0;0;0;0;0;0;0;0;0;0;0;0;160;0;0;0
248016;844;2620;31;41;9999;0;1101;0;3666;4036;5;4;1478;525;2000;1;0;1;11;72;93;0;0;72;0;0;2304;2536;65535;4189;0;13;54;53;54;58;13;13;13;24;99;0;0;15872;2679;0;2563;46;2609;0;7;0;0;0;0;0;0;0;0;0;0;0;0;0;0;0;0;0;0;0;0;160;0;0;0
249017;844;2620;31;41;9999;0;1008;0;3666;3695;5;4;1478;525;2000;1;0;1;12;72;77;0;0;72;0;0;2304;2536;56952;2237;0;14;55;57;55;56;14;12;12;24;99;0;0;15872;2679;0;2563;46;2609;0;7;0;0;0;0;0;0;0;0;0;0;0;0;0;0;0;0;0;0;0;0;160;0;0;0
250017;844;2620;31;41;9999;0;1039;0;3666;3808;5;4;1478;525;2000;1;0;1;11;72;92;0;0;72;0;0;2304;2536;65310;4538;0;29;75;75;78;78;29;26;29;28;99;0;0;15872;2679;0;2563;46;2609;0;6;0;0;0;0;0;0;0;0;0;0;0;0;0;0;0;0;0;0;0;0;160;0;0;0
251017;844;2620;31;41;9999;0;1226;0;3666;4494;5;4;1478;525;2000;1;0;1;13;72;94;0;0;69;0;0;2304;2536;57177;1607;0;16;63;64;65;66;13;16;11;23;97;0;0;15872;2679;0;2563;46;2609;151;6;0;0;0;0;0;0;0;0;0;0;0;0;0;0;0;0;0;0;0;0;160;0;0;0
252017;844;2620;31;41;9999;0;1336;0;3666;4897;5;4;1478;525;2000;1;0;1;14;72;97;0;0;70;0;0;2304;2536;59479;1617;0;20;62;62;64;68;17;17;20;35;96;0;0;15872;2679;0;2563;46;2609;61;5;0;0;0;0;0;0;0;0;0;0;0;0;0;0;0;0;0;0;0;0;160;0;0;0
253019;844;2620;30;41;9999;0;1387;0;3649;5061;5;4;1478;525;2000;1;0;1;14;72;97;0;0;70;0;0;2304;2536;65535;1621;0;39;66;68;67;75;38;30;39;29;93;0;0;15872;2679;0;2563;46;2609;61;5;0;0;0;0;0;0;0;0;0;0;0;0;0;0;0;0;0;0;0;0;160;0;0;0
254017;844;2620;30;41;9999;0;1339;0;3649;4886;5;4;1478;525;2000;1;0;1;13;72;99;1;0;72;0;0;2304;2536;65535;4215;0;42;73;75;73;77;31;34;42;29;97;0;0;15872;2679;0;2563;46;2609;0;7;0;0;0;0;0;0;0;0;0;0;0;0;0;0;0;0;0;0;0;0;160;0;0;0
255017;844;2620;30;41;9999;0;1353;0;3647;4934;5;4;1478;525;2000;1;0;1;11;72;92;0;0;72;0;0;2304;2536;65535;1732;0;40;76;79;77;82;38;40;39;43;98;0;0;15872;2679;0;2563;46;2609;0;6;0;0;0;0;0;0;0;0;0;0;0;0;0;0;0;0;0;0;0;0;160;0;0;0
256017;844;2620;30;41;9999;0;1188;0;3647;4332;5;4;1862;525;2000;1;0;1;12;72;87;0;0;72;0;0;2304;2536;65535;4056;0;36;68;73;71;73;33;35;36;24;99;0;0;15872;2679;0;2563;46;2609;0;6;0;0;0;0;0;0;0;0;0;0;0;0;0;0;0;0;0;0;0;0;160;0;0;0
257017;844;2620;30;41;9999;0;985;0;3647;3592;5;4;1862;525;2000;1;0;1;11;72;80;0;0;69;0;0;2304;2536;57375;1604;0;41;82;82;85;86;39;35;41;45;98;0;0;15872;2679;0;2563;46;2609;97;5;0;0;0;0;0;0;0;0;0;0;0;0;0;0;0;0;0;0;0;0;160;0;0;0
258052;833;2616;30;41;9999;0;956;0;3647;3486;5;4;1862;525;2000;1;0;1;14;72;97;0;0;64;0;0;2304;2536;59096;1599;0;15;44;41;45;45;15;15;15;17;98;0;0;15872;2675;0;2563;41;2605;24;5;0;0;0;0;0;0;0;0;0;0;0;0;0;0;0;0;0;0;0;0;160;0;0;0
259018;833;2616;30;41;9999;0;956;0;3647;3486;5;4;1862;525;2000;1;0;1;15;72;99;0;0;64;0;0;2304;2536;59420;1615;0;16;41;43;40;43;14;12;16;15;98;0;0;15872;2675;0;2563;41;2605;24;5;0;0;0;0;0;0;0;0;0;0;0;0;0;0;0;0;0;0;0;0;160;0;0;0
260017;833;2616;30;41;9999;0;1005;0;3647;3665;5;4;1862;525;2000;1;0;1;15;72;96;0;0;62;0;0;2304;2536;59469;1604;0;16;43;39;40;39;15;16;16;13;97;0;0;15872;2675;0;2563;41;2605;24;5;0;0;0;0;0;0;0;0;0;0;0;0;0;0;0;0;0;0;0;0;160;0;0;0
261018;833;2616;30;41;9999;0;1085;0;3647;3956;5;4;1862;525;2000;1;0;1;15;72;98;0;0;62;0;0;2304;2536;60026;1608;0;20;42;42;43;49;14;20;17;15;98;0;0;15872;2675;0;2563;41;2605;24;5;0;0;0;0;0;0;0;0;0;0;0;0;0;0;0;0;0;0;0;0;160;0;0;0
262017;833;2616;30;41;9999;0;985;0;3647;3592;5;4;1862;525;2000;1;0;1;15;72;97;0;0;64;0;0;2304;2536;65535;4391;0;18;41;42;42;44;17;18;15;16;98;0;0;15872;2675;0;2563;41;2605;19;5;0;0;0;0;0;0;0;0;0;0;0;0;0;0;0;0;0;0;0;0;160;0;0;0
263018;833;2616;30;42;9999;0;956;0;3673;3511;5;4;1862;525;2000;1;0;1;12;72;95;0;0;72;0;0;2304;2536;61806;1598;0;17;66;68;73;68;17;12;13;28;99;0;0;15872;2675;0;2563;41;2605;0;7;0;0;0;0;0;0;0;0;0;0;0;0;0;0;0;0;0;0;0;0;160;0;0;0
264018;833;2616;30;42;9999;0;976;0;3673;3584;5;4;1862;525;2000;1;0;1;13;72;87;0;0;72;0;0;2304;2536;58811;1621;0;14;47;48;49;50;11;14;13;17;98;0;0;15872;2675;0;2563;41;2605;0;7;0;0;0;0;0;0;0;0;0;0;0;0;0;0;0;0;0;0;0;0;160;0;0;0
265018;833;2616;30;42;9999;0;959;0;3673;3522;5;4;1862;525;2000;1;0;1;15;72;98;0;0;63;0;0;2304;2536;62219;1606;0;14;41;37;38;44;14;14;14;15;96;0;0;15872;2675;0;2563;41;2605;147;5;0;0;0;0;0;0;0;0;0;0;0;0;0;0;0;0;0;0;0;0;160;0;0;0
266018;833;2616;30;42;9999;0;1062;0;3673;3900;5;4;1478;525;1353;1;0;1;14;72;97;0;0;68;0;0;2304;2536;61001;1642;0;17;37;37;42;42;17;13;13;15;93;0;0;15872;2675;0;2563;41;2605;14;5;0;0;0;0;0;0;0;0;0;0;0;0;0;0;0;0;0;0;0;0;160;0;0;0
267018;833;2616;30;42;9999;0;1067;0;3673;3919;5;4;1478;525;1353;1;0;1;14;72;98;0;0;58;0;0;2304;2536;58082;1593;0;12;45;47;49;51;12;12;12;15;95;0;0;15872;2675;0;2563;41;2605;5;5;0;0;0;0;0;0;0;0;0;0;0;0;0;0;0;0;0;0;0;0;160;0;0;0
268018;833;2616;30;42;9999;0;1062;0;3673;3900;5;4;1478;525;1353;1;0;1;15;72;96;0;0;58;0;0;2304;2536;59741;1619;0;16;38;39;41;38;13;16;12;16;96;0;0;15872;2675;0;2563;41;2605;5;5;0;0;0;0;0;0;0;0;0;0;0;0;0;0;0;0;0;0;0;0;160;0;0;0
269019;833;2616;30;42;9999;0;979;0;3673;3595;5;4;1478;525;1353;1;0;1;15;72;98;0;0;65;0;0;2304;2536;59805;1623;0;15;40;43;45;56;14;14;15;15;97;0;0;15872;2675;0;2563;41;2605;24;5;0;0;0;0;0;0;0;0;0;0;0;0;0;0;0;0;0;0;0;0;160;0;0;0
270018;833;2616;30;42;9999;0;997;0;3673;3661;5;4;1478;525;1353;1;0;1;15;72;97;0;0;68;0;0;2304;2536;60647;1582;0;16;45;41;52;55;16;16;14;14;98;0;0;15872;2675;0;2563;41;2605;9;5;0;0;0;0;0;0;0;0;0;0;0;0;0;0;0;0;0;0;0;0;160;0;0;0
271019;833;2616;30;42;9999;0;968;0;3672;3554;5;4;1478;525;1353;1;0;1;13;72;98;0;0;72;0;0;2304;2536;62988;1607;0;14;41;38;38;39;14;14;12;15;91;0;0;15872;2675;0;2563;41;2605;0;5;0;0;0;0;0;0;0;0;0;0;0;0;0;0;0;0;0;0;0;0;160;0;0;0
272019;833;2616;30;41;9999;0;967;0;3675;3553;5;4;1478;525;1353;1;0;1;12;72;98;0;0;72;0;0;2304;2536;61941;1610;0;13;43;43;49;53;11;13;12;16;88;0;0;15872;2675;0;2563;41;2605;0;5;0;0;0;0;0;0;0;0;0;0;0;0;0;0;0;0;0;0;0;0;160;0;0;0
273020;833;2616;30;41;9999;0;1025;0;3674;3765;5;4;1478;525;1353;1;0;1;13;72;97;0;0;72;0;0;2304;2536;60086;1604;0;14;46;46;45;45;14;12;8;14;89;0;0;15872;2675;0;2563;41;2605;0;5;0;0;0;0;0;0;0;0;0;0;0;0;0;0;0;0;0;0;0;0;160;0;0;0
274019;833;2616;30;41;9999;0;1047;0;3674;3846;5;4;1478;525;1353;1;0;1;14;72;98;0;0;72;0;0;2304;2536;59657;1573;0;20;45;44;48;48;16;20;14;16;90;0;0;15872;2675;0;2563;41;2605;0;5;0;0;0;0;0;0;0;0;0;0;0;0;0;0;0;0;0;0;0;0;160;0;0;0
275019;833;2616;30;41;9999;0;944;0;3674;3468;5;4;1478;525;1353;1;0;1;14;72;97;0;0;68;0;0;2304;2536;62149;1614;0;13;45;49;47;51;13;13;13;15;92;0;0;15872;2675;0;2563;41;2605;60;5;0;0;0;0;0;0;0;0;0;0;0;0;0;0;0;0;0;0;0;0;160;0;0;0
276019;833;2616;30;41;9999;0;1025;0;3674;3765;5;4;1478;525;1353;1;0;1;13;72;98;0;0;68;0;0;2304;2536;62151;1610;0;13;48;42;51;47;13;12;12;15;88;0;0;15872;2675;0;2563;41;2605;4;5;0;0;0;0;0;0;0;0;0;0;0;0;0;0;0;0;0;0;0;0;160;0;0;0
277019;833;2616;30;41;9999;0;1023;0;3674;3758;5;4;1478;525;1353;1;0;1;13;72;97;0;0;72;0;0;2304;2536;58930;1609;0;12;35;37;42;40;12;10;11;16;92;0;0;15872;2675;0;2563;41;2605;0;5;0;0;0;0;0;0;0;0;0;0;0;0;0;0;0;0;0;0;0;0;160;0;0;0
278054;859;2616;30;41;9999;0;938;0;3674;3446;5;4;1478;525;1353;1;0;1;15;72;97;0;0;69;0;0;2304;2536;57214;1589;0;17;50;51;50;54;16;15;17;13;94;0;0;15872;2675;0;2563;41;2605;174;5;0;0;0;0;0;0;0;0;0;0;0;0;0;0;0;0;0;0;0;0;160;0;0;0
279019;859;2616;30;41;9999;0;895;0;3676;3290;5;4;1478;525;1353;1;0;1;14;72;95;0;0;58;0;0;2304;2536;64151;1600;0;12;36;37;38;35;10;12;12;17;93;0;0;15872;2675;0;2563;41;2605;4;4;0;0;0;0;0;0;0;0;0;0;0;0;0;0;0;0;0;0;0;0;160;0;0;0
280019;859;2616;30;41;9999;0;907;0;3676;3334;5;4;1478;525;1353;1;0;1;12;72;97;0;0;69;0;0;2304;2536;63636;1613;0;16;39;37;41;43;16;16;15;16;89;0;0;15872;2675;0;2563;41;2605;4;5;0;0;0;0;0;0;0;0;0;0;0;0;0;0;0;0;0;0;0;0;160;0;0;0
281019;859;2616;30;41;9999;0;895;0;3676;3290;5;4;1478;525;1353;1;0;1;12;72;98;0;0;72;0;0;2304;2536;62690;1596;0;14;36;36;38;40;14;11;14;14;88;0;0;15872;2675;0;2563;41;2605;0;5;0;0;0;0;0;0;0;0;0;0;0;0;0;0;0;0;0;0;0;0;160;0;0;0
282019;859;2616;30;41;9999;0;999;0;3676;3672;5;4;1478;525;1353;1;0;1;13;72;98;0;0;72;0;0;2304;2536;58817;1611;0;13;38;34;34;39;12;11;13;16;91;0;0;15872;2675;0;2563;41;2605;0;5;0;0;0;0;0;0;0;0;0;0;0;0;0;0;0;0;0;0;0;0;160;0;0;0
283020;859;2616;30;41;9999;0;926;0;3674;3402;5;4;1478;525;1353;1;0;1;14;72;98;0;0;72;0;0;2304;2536;59114;1607;0;15;35;34;35;40;12;15;15;14;94;0;0;15872;2675;0;2563;41;2605;0;5;0;0;0;0;0;0;0;0;0;0;0;0;0;0;0;0;0;0;0;0;160;0;0;0
284019;859;2616;30;41;9999;0;1067;0;3674;3920;5;4;1478;525;1353;1;0;1;14;72;97;0;0;72;0;0;2304;2536;60446;1613;0;18;32;34;37;32;18;13;11;15;95;0;0;15872;2675;0;2563;41;2605;0;5;0;0;0;0;0;0;0;0;0;0;0;0;0;0;0;0;0;0;0;0;160;0;0;0
285019;859;2616;30;41;9999;0;1000;0;3674;3674;5;4;1478;525;1353;1;0;1;14;72;98;0;0;72;0;0;2304;2536;65535;4184;0;15;44;45;45;47;12;15;14;18;97;0;0;15872;2675;0;2563;41;2605;0;5;0;0;0;0;0;0;0;0;0;0;0;0;0;0;0;0;0;0;0;0;160;0;0;0
286020;859;2616;30;41;9999;0;1064;0;3674;3909;5;4;1478;525;2000;1;0;1;12;72;96;2;0;72;0;0;2304;2536;54412;2516;0;16;62;62;68;70;15;12;16;27;98;0;0;15872;2675;0;2563;41;2605;0;7;0;0;0;0;0;0;0;0;0;0;0;0;0;0;0;0;0;0;0;0;160;0;0;0
287020;859;2616;30;41;9999;0;1142;0;3666;4186;5;4;1478;525;2000;1;0;1;12;72;97;1;1;71;0;0;2304;2536;41544;4214;0;14;57;57;60;65;14;14;13;25;95;0;0;15872;2675;0;2563;41;2605;46;6;0;0;0;0;0;0;0;0;0;0;0;0;0;0;0;0;0;0;0;0;160;0;0;0
288020;859;2616;30;41;9999;0;1155;0;3666;4234;5;4;1478;525;2000;1;0;1;14;72;96;0;0;62;0;0;2304;2536;45478;4210;0;12;56;59;64;62;10;12;12;27;96;0;0;15872;2675;0;2563;41;2605;33;5;0;0;0;0;0;0;0;0;0;0;0;0;0;0;0;0;0;0;0;0;160;0;0;0
289020;859;2616;30;41;9999;0;1165;0;3666;4270;5;4;1478;525;2000;1;0;1;15;72;90;0;0;61;0;0;2304;2536;21963;3453;0;16;59;58;62;65;11;14;16;30;90;0;0;15872;2675;0;2563;41;2605;19;5;0;0;0;0;0;0;0;0;0;0;0;0;0;0;0;0;0;0;0;0;160;0;0;0
290020;859;2616;30;41;9999;0;1278;0;3666;4685;5;4;1478;525;2000;1;0;1;20;72;71;0;0;54;0;0;2304;2536;23890;3131;0;17;69;67;73;76;16;16;17;30;89;0;0;15872;2675;0;2563;41;2605;4;4;0;0;0;0;0;0;0;0;0;0;0;0;0;0;0;0;0;0;0;0;160;0;0;0
291021;859;2616;30;41;9999;0;1290;0;3666;4729;5;4;1478;525;2000;1;0;1;28;72;59;0;0;52;0;0;2304;2536;23443;4153;0;20;72;74;76;80;15;19;20;28;93;0;0;15872;2675;0;2563;41;2605;11;3;0;0;0;0;0;0;0;0;0;0;0;0;0;0;0;0;0;0;0;0;160;0;0;0
292020;859;2616;30;41;9999;0;1050;0;3666;3849;5;4;1478;525;2000;1;0;1;31;72;57;0;0;43;0;0;2304;2536;58112;2743;0;19;75;76;81;84;19;18;17;32;97;0;0;15872;2675;0;2563;41;2605;10;2;0;0;0;0;0;0;0;0;0;0;0;0;0;0;0;0;0;0;0;0;160;0;0;0
293020;859;2616;30;41;9999;0;977;0;3668;3583;5;4;1478;525;2000;1;0;1;20;72;76;0;0;65;0;0;2304;2536;56396;1608;0;17;57;56;60;61;13;17;15;22;94;0;0;15872;2675;0;2563;41;2605;4;4;0;0;0;0;0;0;0;0;0;0;0;0;0;0;0;0;0;0;0;0;160;0;0;0
294020;859;2616;30;41;9999;0;1076;0;3668;3946;5;4;1478;525;2000;1;0;1;15;72;93;0;0;65;0;0;2304;2536;55906;1590;0;16;35;35;40;40;11;16;13;16;92;0;0;15872;2675;0;2563;41;2605;72;5;0;0;0;0;0;0;0;0;0;0;0;0;0;0;0;0;0;0;0;0;160;0;0;0
295020;859;2616;30;41;9999;0;1034;0;3669;3793;5;4;1478;525;2000;1;0;1;15;72;91;0;0;65;0;0;2304;2536;61328;3148;0;16;49;49;49;51;15;16;13;19;93;0;0;15872;2675;0;2563;41;2605;19;5;0;0;0;0;0;0;0;0;0;0;0;0;0;0;0;0;0;0;0;0;160;0;0;0
296021;859;2616;30;41;9999;0;1077;0;3669;3951;5;4;1478;525;2000;1;0;1;13;72;98;0;0;71;0;0;2304;2536;65535;4169;0;14;63;62;66;67;12;14;13;25;96;0;0;15872;2675;0;2563;41;2605;4;5;0;0;0;0;0;0;0;0;0;0;0;0;0;0;0;0;0;0;0;0;160;0;0;0
297020;859;2616;30;41;9999;0;1016;0;3669;3727;5;4;1478;525;2000;1;0;1;11;72;100;0;0;72;0;0;2304;2536;63477;4190;0;13;57;55;59;60;10;11;13;25;96;0;0;15872;2675;0;2563;41;2605;0;6;0;0;0;0;0;0;0;0;0;0;0;0;0;0;0;0;0;0;0;0;160;0;0;0
298054;849;2617;30;41;9999;0;905;0;3669;3320;5;4;1478;525;2000;1;0;1;12;72;99;0;0;72;0;0;2304;2536;61475;3091;0;16;59;59;64;64;13;16;13;26;96;0;0;15872;2675;0;2563;41;2605;0;6;0;0;0;0;0;0;0;0;0;0;0;0;0;0;0;0;0;0;0;0;160;0;0;0
299022;849;2617;30;41;9999;0;1019;0;3669;3738;5;4;1478;525;2000;1;0;1;13;72;98;0;0;72;0;0;2304;2536;56029;1575;0;16;50;51;55;59;14;16;13;25;93;0;0;15872;2675;0;2563;41;2605;0;6;0;0;0;0;0;0;0;0;0;0;0;0;0;0;0;0;0;0;0;0;160;0;0;0
300021;849;2617;30;41;9999;0;1040;0;3669;3815;5;4;1478;525;2000;1;0;1;16;72;86;0;0;60;0;0;2304;2536;51376;3114;0;14;44;45;42;47;14;13;14;17;93;0;0;15872;2675;0;2563;41;2605;38;5;0;0;0;0;0;0;0;0;0;0;0;0;0;0;0;0;0;0;0;0;160;0;0;0
301021;849;2617;30;41;9999;0;1031;0;3669;3782;5;4;1478;525;2000;1;0;1;15;72;95;0;1;65;0;0;2304;2536;44649;1676;0;16;73;73;81;79;16;15;14;27;93;0;0;15872;2675;0;2563;41;2605;46;4;0;0;0;0;0;0;0;0;0;0;0;0;0;0;0;0;0;0;0;0;160;0;0;0
302021;849;2617;30;41;9999;0;1030;0;3669;3779;5;4;1478;525;2000;1;0;1;18;72;82;0;0;56;0;0;2304;2536;46322;1592;0;17;48;44;49;50;12;17;11;17;94;0;0;15872;2675;0;2563;41;2605;4;4;0;0;0;0;0;0;0;0;0;0;0;0;0;0;0;0;0;0;0;0;160;0;0;0
303021;849;2617;30;41;9999;0;1016;0;3670;3728;5;4;1478;525;2000;1;0;1;18;72;80;0;0;60;0;0;2304;2536;47894;1600;0;16;50;50;54;55;15;16;16;16;96;0;0;15872;2675;0;2563;41;2605;11;4;0;0;0;0;0;0;0;0;0;0;0;0;0;0;0;0;0;0;0;0;160;0;0;0
304021;849;2617;30;42;9999;0;1122;0;3670;4117;5;4;1478;525;2000;1;0;1;16;72;83;0;0;66;0;0;2304;2536;49594;1563;0;16;41;38;41;47;14;16;12;17;88;0;0;15872;2675;0;2563;41;2605;7;4;0;0;0;0;0;0;0;0;0;0;0;0;0;0;0;0;0;0;0;0;160;0;0;0
305021;849;2617;30;42;9999;0;980;0;3670;3596;5;4;1478;525;2000;1;0;1;17;72;85;0;0;64;0;0;2304;2536;49674;1850;0;18;64;66;71;74;18;14;14;16;92;0;0;15872;2675;0;2563;41;2605;45;5;0;0;0;0;0;0;0;0;0;0;0;0;0;0;0;0;0;0;0;0;160;0;0;0
306021;849;2617;30;42;9999;0;992;0;3670;3640;5;4;1478;525;2000;1;0;1;15;72;91;0;0;62;0;0;2304;2536;57347;1580;0;17;79;80;84;85;12;17;17;21;92;0;0;15872;2675;0;2563;41;2605;32;4;0;0;0;0;0;0;0;0;0;0;0;0;0;0;0;0;0;0;0;0;160;0;0;0
307021;849;2617;30;42;9999;0;1002;0;3670;3677;5;4;1478;525;2000;1;0;1;15;72;95;0;0;66;0;0;2304;2536;58960;1586;0;16;42;41;42;39;13;16;13;17;94;0;0;15872;2675;0;2563;41;2605;48;4;0;0;0;0;0;0;0;0;0;0;0;0;0;0;0;0;0;0;0;0;160;0;0;0
308021;849;2617;30;42;9999;0;1114;0;3664;4081;5;4;1478;525;2000;1;0;1;15;72;97;0;0;68;0;0;2304;2536;57557;1586;0;15;47;53;53;52;15;11;14;14;95;0;0;15872;2675;0;2563;41;2605;19;5;0;0;0;0;0;0;0;0;0;0;0;0;0;0;0;0;0;0;0;0;160;0;0;0
309021;849;2617;30;42;9999;0;933;0;3664;3418;5;4;1478;525;2000;1;0;1;15;72;94;0;0;60;0;0;2304;2536;52900;1581;0;16;39;37;37;43;10;16;13;14;92;0;0;15872;2675;0;2563;41;2605;39;5;0;0;0;0;0;0;0;0;0;0;0;0;0;0;0;0;0;0;0;0;160;0;0;0
310021;849;2617;30;42;9999;0;929;0;3664;3403;5;4;1478;525;2000;1;0;1;14;72;92;0;0;58;0;0;2304;2536;62985;1579;0;30;61;62;68;68;27;28;30;22;92;0;0;15872;2675;0;2563;41;2605;9;5;0;0;0;0;0;0;0;0;0;0;0;0;0;0;0;0;0;0;0;0;160;0;0;0
311021;849;2617;30;42;9999;0;917;0;3677;3371;5;4;1478;525;2000;1;0;1;14;72;91;0;0;70;0;0;2304;2536;60416;1575;0;14;52;50;50;52;12;12;14;18;91;0;0;15872;2675;0;2563;41;2605;4;5;0;0;0;0;0;0;0;0;0;0;0;0;0;0;0;0;0;0;0;0;160;0;0;0
312023;849;2617;30;42;9999;0;983;0;3677;3614;5;4;1478;525;2000;1;0;1;13;72;98;0;0;70;0;0;2304;2536;56521;1579;0;13;36;31;34;34;12;13;11;16;92;0;0;15872;2675;0;2563;41;2605;90;5;0;0;0;0;0;0;0;0;0;0;0;0;0;0;0;0;0;0;0;0;160;0;0;0
313021;849;2617;30;41;9999;0;1143;0;3674;4199;5;4;1478;525;2000;1;0;1;14;72;98;0;0;60;0;0;2304;2536;45035;3099;0;16;36;41;37;39;15;16;14;16;91;0;0;15872;2675;0;2563;41;2605;49;5;0;0;0;0;0;0;0;0;0;0;0;0;0;0;0;0;0;0;0;0;160;0;0;0
314021;849;2617;30;41;9999;0;1083;0;3674;3978;5;4;1478;525;2000;1;0;1;15;72;89;0;0;62;0;0;2304;2536;38762;3109;0;18;62;63;63;69;18;15;16;26;92;0;0;15872;2675;0;2563;41;2605;27;4;0;0;0;0;0;0;0;0;0;0;0;0;0;0;0;0;0;0;0;0;160;0;0;0
315022;849;2617;30;41;9999;0;1068;0;3674;3923;5;4;1478;525;2000;1;0;1;18;72;77;0;0;63;0;0;2304;2536;45853;3118;0;16;61;60;62;64;11;16;15;30;94;0;0;15872;2675;0;2563;41;2605;19;4;0;0;0;0;0;0;0;0;0;0;0;0;0;0;0;0;0;0;0;0;160;0;0;0
316022;849;2617;30;41;9999;0;947;0;3676;3481;5;4;1478;525;2000;1;0;1;17;72;82;0;0;63;0;0;2304;2536;47802;1588;0;13;67;68;71;72;13;12;13;30;94;0;0;15872;2675;0;2563;41;2605;25;4;0;0;0;0;0;0;0;0;0;0;0;0;0;0;0;0;0;0;0;0;160;0;0;0
317022;849;2617;30;41;9999;0;920;0;3676;3381;5;4;1478;525;2000;1;0;1;17;72;85;0;0;60;0;0;2304;2536;53990;1593;0;16;35;38;39;36;16;11;15;14;90;0;0;15872;2675;0;2563;41;2605;41;5;0;0;0;0;0;0;0;0;0;0;0;0;0;0;0;0;0;0;0;0;160;0;0;0
318055;845;2617;30;41;9999;0;977;0;3676;3591;5;4;1478;525;2000;1;0;1;15;72;88;0;0;63;0;0;2304;2536;61732;1578;0;16;34;30;40;35;16;13;13;17;92;0;0;15872;2676;0;2564;41;2605;21;5;0;0;0;0;0;0;0;0;0;0;0;0;0;0;0;0;0;0;0;0;160;0;0;0
319022;845;2617;30;41;9999;0;944;0;3675;3469;5;4;1478;525;2000;1;0;1;14;72;93;0;0;71;0;0;2304;2536;59370;1616;0;14;35;36;31;31;13;13;14;14;94;0;0;15872;2676;0;2564;41;2605;24;5;0;0;0;0;0;0;0;0;0;0;0;0;0;0;0;0;0;0;0;0;160;0;0;0
320022;845;2617;30;41;9999;0;913;0;3675;3355;5;4;1478;525;2000;1;0;1;15;72;98;0;0;64;0;0;2304;2536;58004;1595;0;16;35;35;36;41;14;13;16;16;95;0;0;15872;2676;0;2564;41;2605;74;5;0;0;0;0;0;0;0;0;0;0;0;0;0;0;0;0;0;0;0;0;160;0;0;0
321022;845;2617;30;41;9999;0;1000;0;3675;3675;5;4;1478;525;2000;1;0;1;15;72;97;0;0;62;0;0;2304;2536;62805;1554;0;17;38;37;40;39;16;17;14;15;91;0;0;15872;2676;0;2564;41;2605;4;5;0;0;0;0;0;0;0;0;0;0;0;0;0;0;0;0;0;0;0;0;160;0;0;0
322022;845;2617;30;41;9999;0;1102;0;3675;4049;5;4;1478;525;2000;1;0;1;13;72;98;0;0;71;0;0;2304;2536;65535;3913;0;16;37;32;38;35;16;15;16;16;92;0;0;15872;2676;0;2564;41;2605;88;5;0;0;0;0;0;0;0;0;0;0;0;0;0;0;0;0;0;0;0;0;160;0;0;0
323022;845;2617;30;41;9999;0;1030;0;3664;3773;5;4;1478;525;2000;1;0;1;12;72;98;0;0;72;0;0;2304;2536;65535;2696;0;20;83;84;84;85;14;18;20;29;97;0;0;15872;2676;0;2564;41;2605;0;7;0;0;0;0;0;0;0;0;0;0;0;0;0;0;0;0;0;0;0;0;160;0;0;0
324022;845;2617;30;41;9999;0;895;0;3664;3279;5;4;1478;525;2000;1;0;1;12;72;98;0;0;72;0;0;2304;2536;61379;1574;0;13;68;66;71;77;11;13;13;22;91;0;0;15872;2676;0;2564;41;2605;0;7;0;0;0;0;0;0;0;0;0;0;0;0;0;0;0;0;0;0;0;0;160;0;0;0
325022;845;2617;30;41;9999;0;880;0;3664;3224;5;4;1478;525;2000;1;0;1;12;72;98;0;0;72;0;0;2304;2536;60541;1570;0;18;35;33;34;35;13;18;11;14;88;0;0;15872;2676;0;2564;41;2605;0;5;0;0;0;0;0;0;0;0;0;0;0;0;0;0;0;0;0;0;0;0;160;0;0;0
326023;845;2617;30;41;9999;0;964;0;3664;3532;5;4;1478;525;2000;1;0;1;13;72;98;0;0;72;0;0;2304;2536;58824;1569;0;12;38;33;35;36;11;10;12;13;90;0;0;15872;2676;0;2564;41;2605;0;5;0;0;0;0;0;0;0;0;0;0;0;0;0;0;0;0;0;0;0;0;160;0;0;0
327024;845;2617;30;41;9999;0;929;0;3664;3403;5;4;1478;525;2000;1;0;1;15;72;98;0;0;66;0;0;2304;2536;58545;1570;0;18;37;33;39;41;14;11;18;16;94;0;0;15872;2676;0;2564;41;2605;81;5;0;0;0;0;0;0;0;0;0;0;0;0;0;0;0;0;0;0;0;0;160;0;0;0
328023;845;2617;30;41;9999;0;946;0;3677;3478;5;4;1478;525;2000;1;0;1;15;72;96;0;0;61;0;0;2304;2536;58996;1591;0;16;35;35;34;36;13;16;12;13;96;0;0;15872;2676;0;2564;41;2605;19;5;0;0;0;0;0;0;0;0;0;0;0;0;0;0;0;0;0;0;0;0;160;0;0;0
329023;845;2617;30;41;9999;0;950;0;3677;3493;5;4;1478;525;2000;1;0;1;15;72;97;0;0;61;0;0;2304;2536;58744;1595;0;16;37;34;40;38;15;16;16;16;96;0;0;15872;2676;0;2564;41;2605;9;5;0;0;0;0;0;0;0;0;0;0;0;0;0;0;0;0;0;0;0;0;160;0;0;0
330023;845;2617;30;41;9999;0;1023;0;3677;3761;5;4;1478;525;2000;1;0;1;15;72;96;0;0;59;0;0;2304;2536;59371;1582;0;16;37;35;38;39;16;12;14;17;96;0;0;15872;2676;0;2564;41;2605;19;5;0;0;0;0;0;0;0;0;0;0;0;0;0;0;0;0;0;0;0;0;160;0;0;0
331023;845;2617;30;41;9999;0;1126;0;3677;4140;5;4;1478;525;2000;1;0;1;15;72;97;0;0;61;0;0;2304;2536;58558;1590;0;15;39;40;41;40;11;15;15;14;96;0;0;15872;2676;0;2564;41;2605;14;5;0;0;0;0;0;0;0;0;0;0;0;0;0;0;0;0;0;0;0;0;160;0;0;0
332023;845;2617;30;41;9999;0;975;0;3677;3585;5;4;1478;525;2000;1;0;1;15;72;96;0;0;60;0;0;2304;2536;59044;1603;0;15;34;38;36;35;15;11;14;16;96;0;0;15872;2676;0;2564;41;2605;14;5;0;0;0;0;0;0;0;0;0;0;0;0;0;0;0;0;0;0;0;0;160;0;0;0
333023;845;2617;30;41;9999;0;1031;0;3673;3786;5;4;1478;525;2000;1;0;1;15;72;97;0;0;62;0;0;2304;2536;58389;1602;0;17;49;47;54;52;12;17;13;14;96;0;0;15872;2676;0;2564;41;2605;14;5;0;0;0;0;0;0;0;0;0;0;0;0;0;0;0;0;0;0;0;0;160;0;0;0
334023;845;2617;30;41;9999;0;1035;0;3673;3801;5;4;1478;525;2000;1;0;1;15;72;97;0;0;59;0;0;2304;2536;55512;1564;0;17;47;44;51;49;17;15;14;16;93;0;0;15872;2676;0;2564;41;2605;24;5;0;0;0;0;0;0;0;0;0;0;0;0;0;0;0;0;0;0;0;0;160;0;0;0
335023;845;2617;30;41;9999;0;1091;0;3673;4007;5;4;1478;525;2000;1;0;1;15;72;89;0;0;62;0;0;2304;2536;58791;3125;0;16;46;46;49;45;15;16;14;14;93;0;0;15872;2676;0;2564;41;2605;19;5;0;0;0;0;0;0;0;0;0;0;0;0;0;0;0;0;0;0;0;0;160;0;0;0
336025;845;2617;30;41;9999;0;1024;0;3670;3758;5;4;1478;525;2000;1;0;1;15;72;89;0;0;66;0;0;2304;2536;53208;1578;0;15;74;74;75;80;15;14;13;25;89;0;0;15872;2676;0;2564;41;2605;45;5;0;0;0;0;0;0;0;0;0;0;0;0;0;0;0;0;0;0;0;0;160;0;0;0
337024;845;2617;30;41;9999;0;922;0;3670;3383;5;4;1478;525;2000;1;0;1;15;72;90;0;0;65;0;0;2304;2536;55363;1600;0;17;54;53;52;53;17;15;14;16;90;0;0;15872;2676;0;2564;41;2605;29;5;0;0;0;0;0;0;0;0;0;0;0;0;0;0;0;0;0;0;0;0;160;0;0;0
338060;868;2613;30;41;9999;0;1047;0;3670;3842;5;4;1478;525;2000;1;0;1;15;72;91;0;0;62;0;0;2304;2536;45976;1600;0;13;49;49;49;53;12;13;12;14;89;0;0;15872;2671;0;2564;38;2602;14;5;0;0;0;0;0;0;0;0;0;0;0;0;0;0;0;0;0;0;0;0;160;0;0;0
339023;868;2613;30;41;9999;0;1007;0;3670;3695;5;4;1478;525;2000;1;0;1;16;72;87;0;0;60;0;0;2304;2536;51661;1613;0;18;53;52;53;52;18;16;17;17;90;0;0;15872;2671;0;2564;38;2602;13;5;0;0;0;0;0;0;0;0;0;0;0;0;0;0;0;0;0;0;0;0;160;0;0;0
340024;868;2613;30;41;9999;0;929;0;3670;3409;5;4;1478;525;2000;1;0;1;16;72;86;0;0;66;0;0;2304;2536;53059;1580;0;18;52;57;54;55;14;18;12;16;88;0;0;15872;2671;0;2564;38;2602;36;5;0;0;0;0;0;0;0;0;0;0;0;0;0;0;0;0;0;0;0;0;160;0;0;0
341024;868;2613;30;41;9999;0;1037;0;3670;3805;5;4;1478;525;2000;1;0;1;15;72;89;0;0;63;0;0;2304;2536;56027;1581;0;14;46;43;47;46;14;13;14;14;90;0;0;15872;2671;0;2564;38;2602;14;5;0;0;0;0;0;0;0;0;0;0;0;0;0;0;0;0;0;0;0;0;160;0;0;0
342024;868;2613;30;41;9999;0;952;0;3670;3493;5;4;1478;525;2000;1;0;1;15;72;91;0;0;68;0;0;2304;2536;57828;1581;0;16;37;39;41;44;15;16;13;14;93;0;0;15872;2671;0;2564;38;2602;34;5;0;0;0;0;0;0;0;0;0;0;0;0;0;0;0;0;0;0;0;0;160;0;0;0
343024;868;2613;30;41;9999;0;946;0;3675;3476;5;4;1478;525;2000;1;0;1;15;72;95;0;0;60;0;0;2304;2536;57506;1577;0;14;38;38;39;41;11;14;14;17;94;0;0;15872;2671;0;2564;38;2602;29;4;0;0;0;0;0;0;0;0;0;0;0;0;0;0;0;0;0;0;0;0;160;0;0;0
344024;868;2613;30;41;9999;0;996;0;3671;3656;5;4;1478;525;2000;1;0;1;15;72;95;0;0;60;0;0;2304;2536;40195;1558;0;17;39;41;43;43;15;17;13;14;91;0;0;15872;2671;0;2564;38;2602;14;5;0;0;0;0;0;0;0;0;0;0;0;0;0;0;0;0;0;0;0;0;160;0;0;0
345024;868;2613;30;41;9999;0;1166;0;3671;4280;5;4;1478;525;2000;1;0;1;18;72;78;0;4;56;0;0;2304;2536;16990;4383;326;18;58;59;57;59;18;18;17;22;89;0;0;15872;2671;0;2564;38;2602;4;4;0;0;0;0;0;0;0;0;0;0;0;0;0;0;0;0;0;0;0;326;160;0;0;0
346024;868;2613;30;41;9999;0;975;0;3671;3579;5;4;1478;525;2000;1;0;1;25;72;60;0;0;57;0;0;2304;2536;56423;1583;0;16;84;85;86;86;13;15;16;35;93;0;0;15872;2671;0;2564;38;2602;14;3;0;0;0;0;0;0;0;0;0;0;0;0;0;0;0;0;0;0;0;0;160;0;0;0
347024;868;2613;30;41;9999;0;917;0;3671;3366;5;4;1478;525;2000;1;0;1;15;72;87;0;0;65;0;0;2304;2536;54394;1596;0;16;42;43;49;45;11;16;11;18;90;0;0;15872;2671;0;2564;38;2602;32;5;0;0;0;0;0;0;0;0;0;0;0;0;0;0;0;0;0;0;0;0;160;0;0;0
348024;868;2613;30;41;9999;0;1002;0;3671;3678;5;4;1478;525;2000;1;0;1;15;72;91;0;0;67;0;0;2304;2536;61401;1554;0;16;34;35;36;42;14;16;13;14;91;0;0;15872;2671;0;2564;38;2602;24;5;0;0;0;0;0;0;0;0;0;0;0;0;0;0;0;0;0;0;0;0;160;0;0;0
349024;868;2613;30;41;9999;0;893;0;3678;3284;5;4;1478;525;2000;1;0;1;14;72;95;0;0;70;0;0;2304;2536;58398;1568;0;17;39;35;40;38;17;14;13;16;90;0;0;15872;2671;0;2564;38;2602;4;5;0;0;0;0;0;0;0;0;0;0;0;0;0;0;0;0;0;0;0;0;160;0;0;0
350024;868;2613;30;41;9999;0;994;0;3678;3655;5;4;1478;525;2000;1;0;1;14;72;98;0;0;67;0;0;2304;2536;63242;1570;0;16;37;36;37;37;12;16;12;16;91;0;0;15872;2671;0;2564;38;2602;91;5;0;0;0;0;0;0;0;0;0;0;0;0;0;0;0;0;0;0;0;0;160;0;0;0
351024;868;2613;30;41;9999;0;924;0;3678;3398;5;4;1478;525;2000;1;0;1;14;72;97;0;0;70;0;0;2304;2536;57234;1583;0;14;38;40;46;39;14;12;12;16;93;0;0;15872;2671;0;2564;38;2602;83;5;0;0;0;0;0;0;0;0;0;0;0;0;0;0;0;0;0;0;0;0;160;0;0;0
352024;868;2613;30;41;9999;0;975;0;3676;3584;5;4;1478;525;2000;1;0;1;14;72;95;0;0;57;0;0;2304;2536;57292;2004;0;17;49;48;48;46;15;17;17;19;94;0;0;15872;2671;0;2564;38;2602;4;4;0;0;0;0;0;0;0;0;0;0;0;0;0;0;0;0;0;0;0;0;160;0;0;0
353024;868;2613;30;41;9999;0;944;0;3673;3467;5;4;1478;525;2000;1;0;1;14;72;97;0;0;67;0;0;2304;2536;60503;1605;0;17;44;45;50;49;17;15;14;18;95;0;0;15872;2671;0;2564;38;2602;49;5;0;0;0;0;0;0;0;0;0;0;0;0;0;0;0;0;0;0;0;0;160;0;0;0
354024;868;2613;30;41;9999;0;1056;0;3673;3878;5;4;1478;525;2000;1;0;1;13;72;98;0;0;71;0;0;2304;2536;61834;1626;0;14;35;30;39;32;14;14;10;16;89;0;0;15872;2671;0;2564;38;2602;4;5;0;0;0;0;0;0;0;0;0;0;0;0;0;0;0;0;0;0;0;0;160;0;0;0
355025;868;2613;30;41;9999;0;1128;0;3673;4143;5;4;1478;525;2000;1;0;1;13;72;98;0;0;72;0;0;2304;2536;58750;1608;0;12;38;34;35;37;10;11;12;14;91;0;0;15872;2671;0;2564;38;2602;0;5;0;0;0;0;0;0;0;0;0;0;0;0;0;0;0;0;0;0;0;0;160;0;0;0
356024;868;2613;30;41;9999;0;1062;0;3673;3900;5;4;1478;525;2000;1;0;1;15;72;95;0;0;63;0;0;2304;2536;61532;3803;319;16;34;32;32;34;13;13;16;14;92;0;0;15872;2671;0;2564;38;2602;161;5;0;0;0;0;0;0;0;0;0;0;0;0;0;0;0;0;0;0;0;319;160;0;0;0
357025;868;2613;30;41;9999;0;1091;0;3673;4007;5;4;1478;525;2000;1;0;1;12;72;96;1;0;63;0;0;2304;2536;65535;4203;162;20;75;75;76;76;19;16;20;27;96;0;0;15872;2671;0;2564;38;2602;4;6;0;0;0;0;0;0;0;0;0;0;0;0;0;0;0;0;0;0;0;162;160;0;0;0
358060;881;2613;30;41;9999;0;942;0;3673;3459;5;4;1478;525;2000;1;0;1;11;72;100;0;0;72;0;0;2304;2536;56642;4603;0;13;57;56;62;60;12;12;13;27;95;0;0;15872;2671;0;2564;38;2602;0;6;0;0;0;0;0;0;0;0;0;0;0;0;0;0;0;0;0;0;0;0;160;0;0;0
359024;881;2613;30;41;9999;0;1037;0;3673;3808;5;4;1478;525;2000;1;0;1;14;72;96;0;0;70;0;0;2304;2536;53840;1601;0;12;45;47;45;51;10;12;12;21;93;0;0;15872;2671;0;2564;38;2602;168;8;0;0;0;0;0;0;0;0;0;0;0;0;0;0;0;0;0;0;0;0;160;0;0;0
360025;881;2613;30;41;9999;0;1104;0;3668;4049;5;4;1478;525;2000;1;0;1;12;72;97;0;0;63;0;0;2304;2536;65535;4171;0;16;53;51;54;60;14;16;13;20;97;0;0;15872;2671;0;2564;38;2602;5;5;0;0;0;0;0;0;0;0;0;0;0;0;0;0;0;0;0;0;0;0;160;0;0;0
361025;881;2613;30;41;9999;0;974;0;3668;3572;5;4;1478;525;2000;1;0;1;12;72;97;0;0;72;0;0;2304;2536;65535;4192;0;14;62;65;70;70;14;12;14;25;97;0;0;15872;2671;0;2564;38;2602;0;6;0;0;0;0;0;0;0;0;0;0;0;0;0;0;0;0;0;0;0;0;160;0;0;0
362025;881;2613;30;41;9999;0;944;0;3668;3462;5;4;1478;525;2000;1;0;1;11;72;99;0;0;72;0;0;2304;2536;54275;1589;0;14;49;50;52;52;14;14;14;26;94;0;0;15872;2671;0;2564;38;2602;0;7;0;0;0;0;0;0;0;0;0;0;0;0;0;0;0;0;0;0;0;0;160;0;0;0
363025;881;2613;30;41;9999;0;931;0;3675;3421;5;4;1478;525;2000;1;0;1;14;72;97;0;0;60;0;0;2304;2536;55219;1597;0;18;50;48;48;56;16;18;16;14;93;0;0;15872;2671;0;2564;38;2602;185;5;0;0;0;0;0;0;0;0;0;0;0;0;0;0;0;0;0;0;0;0;160;0;0;0
364025;881;2613;30;41;9999;0;968;0;3675;3557;5;4;1478;525;2000;1;0;1;15;72;92;0;0;61;0;0;2304;2536;59101;1545;0;15;41;43;47;49;14;15;11;16;93;0;0;15872;2671;0;2564;38;2602;19;5;0;0;0;0;0;0;0;0;0;0;0;0;0;0;0;0;0;0;0;0;160;0;0;0
365025;881;2613;30;41;9999;0;1093;0;3675;4016;5;4;1478;525;2000;1;0;1;15;72;94;0;0;66;0;0;2304;2536;58599;1590;0;17;47;48;56;54;17;17;14;15;95;0;0;15872;2671;0;2564;38;2602;34;5;0;0;0;0;0;0;0;0;0;0;0;0;0;0;0;0;0;0;0;0;160;0;0;0
366025;881;2613;30;41;9999;0;972;0;3675;3572;5;4;1478;525;1353;1;0;1;15;72;97;0;0;57;0;0;2304;2536;58774;1601;0;16;38;40;45;42;16;14;12;14;96;0;0;15872;2671;0;2564;38;2602;4;4;0;0;0;0;0;0;0;0;0;0;0;0;0;0;0;0;0;0;0;0;160;0;0;0
367025;881;2613;30;41;9999;0;923;0;3675;3392;5;4;1478;525;1353;1;0;1;15;72;97;0;0;62;0;0;2304;2536;58408;1586;0;13;45;46;50;51;10;13;13;13;96;0;0;15872;2671;0;2564;38;2602;19;5;0;0;0;0;0;0;0;0;0;0;0;0;0;0;0;0;0;0;0;0;160;0;0;0
368025;881;2613;30;41;9999;0;1081;0;3675;3972;5;4;1478;525;1353;1;0;1;15;72;96;0;0;58;0;0;2304;2536;60411;1557;0;17;36;33;36;38;13;17;14;14;96;0;0;15872;2671;0;2564;38;2602;9;5;0;0;0;0;0;0;0;0;0;0;0;0;0;0;0;0;0;0;0;0;160;0;0;0
369025;881;2613;30;41;9999;0;920;0;3675;3381;5;4;1478;525;1353;1;0;1;14;72;96;0;0;67;0;0;2304;2536;65535;1543;0;20;46;48;46;49;19;20;20;20;94;0;0;15872;2671;0;2564;38;2602;4;5;0;0;0;0;0;0;0;0;0;0;0;0;0;0;0;0;0;0;0;0;160;0;0;0
370027;881;2613;30;41;9999;0;1100;0;3675;4042;5;4;1478;525;1353;1;0;1;14;72;96;0;0;66;0;0;2304;2536;57659;1584;0;23;50;50;51;52;23;18;23;18;94;0;0;15872;2671;0;2564;38;2602;52;6;0;0;0;0;0;0;0;0;0;0;0;0;0;0;0;0;0;0;0;0;160;0;0;0
371025;881;2613;30;41;9999;0;1018;0;3675;3741;5;4;1478;525;1353;1;0;1;15;72;96;0;0;59;0;0;2304;2536;65535;4198;0;13;49;48;53;54;12;13;13;17;97;0;0;15872;2671;0;2564;38;2602;9;5;0;0;0;0;0;0;0;0;0;0;0;0;0;0;0;0;0;0;0;0;160;0;0;0
372025;881;2613;30;41;9999;0;981;0;3675;3605;5;4;1478;525;1353;1;0;1;11;72;94;2;0;71;0;0;2304;2536;60161;4181;0;14;56;62;61;60;14;12;9;25;98;0;0;15872;2671;0;2564;38;2602;4;6;0;0;0;0;0;0;0;0;0;0;0;0;0;0;0;0;0;0;0;0;160;0;0;0
373027;881;2613;30;41;9999;0;1018;0;3673;3739;5;4;1478;525;1353;1;0;1;13;72;96;0;0;72;0;0;2304;2536;60129;1619;0;15;39;42;44;43;12;15;14;15;97;0;0;15872;2671;0;2564;38;2602;0;6;0;0;0;0;0;0;0;0;0;0;0;0;0;0;0;0;0;0;0;0;160;0;0;0
374025;881;2613;30;41;9999;0;996;0;3673;3658;5;4;1478;525;1353;1;0;1;14;72;97;0;0;71;0;0;2304;2536;58679;1579;0;14;27;31;36;35;14;14;13;14;96;0;0;15872;2671;0;2564;38;2602;211;5;0;0;0;0;0;0;0;0;0;0;0;0;0;0;0;0;0;0;0;0;160;0;0;0
375026;881;2613;30;41;9999;0;1072;0;3673;3937;5;4;1478;525;1353;1;0;1;15;72;97;0;0;58;0;0;2304;2536;56740;1585;0;16;36;38;38;41;16;12;16;16;94;0;0;15872;2671;0;2564;38;2602;5;5;0;0;0;0;0;0;0;0;0;0;0;0;0;0;0;0;0;0;0;0;160;0;0;0
376026;881;2613;30;41;9999;0;997;0;3671;3659;5;4;1478;525;2000;1;0;1;15;72;94;0;0;58;0;0;2304;2536;63748;4211;0;19;42;41;48;45;19;14;13;15;96;0;0;15872;2671;0;2564;38;2602;9;5;0;0;0;0;0;0;0;0;0;0;0;0;0;0;0;0;0;0;0;0;160;0;0;0
377026;881;2613;30;41;9999;0;931;0;3671;3417;5;4;1478;525;2000;1;0;1;12;72;95;2;0;70;0;0;2304;2536;56513;1600;0;19;48;49;51;57;13;19;12;20;97;0;0;15872;2671;0;2564;38;2602;4;7;0;0;0;0;0;0;0;0;0;0;0;0;0;0;0;0;0;0;0;0;160;0;0;0
378059;878;2614;30;41;9999;0;882;0;3671;3237;5;4;1478;525;2000;1;0;1;15;72;96;0;0;64;0;0;2304;2536;58889;1570;0;15;36;36;36;34;11;13;15;17;95;0;0;15872;2671;0;2564;38;2602;96;5;0;0;0;0;0;0;0;0;0;0;0;0;0;0;0;0;0;0;0;0;160;0;0;0
379026;878;2614;30;41;9999;0;1032;0;3671;3788;5;4;1478;525;2000;1;0;1;14;72;96;0;0;69;0;0;2304;2536;62771;1595;0;13;35;29;37;37;13;13;13;13;92;0;0;15872;2671;0;2564;38;2602;49;5;0;0;0;0;0;0;0;0;0;0;0;0;0;0;0;0;0;0;0;0;160;0;0;0
380026;878;2614;30;41;9999;0;1033;0;3671;3792;5;4;1478;525;2000;1;0;1;12;72;99;1;0;72;0;0;2304;2536;65535;4178;0;16;50;49;52;54;16;16;15;19;95;0;0;15872;2671;0;2564;38;2602;0;5;0;0;0;0;0;0;0;0;0;0;0;0;0;0;0;0;0;0;0;0;160;0;0;0
381026;878;2614;30;41;9999;0;1059;0;3671;3887;5;4;1478;525;2000;1;0;1;10;72;85;0;0;72;0;0;2304;2536;65535;4118;0;17;65;63;68;75;12;14;17;25;98;0;0;15872;2671;0;2564;38;2602;0;7;0;0;0;0;0;0;0;0;0;0;0;0;0;0;0;0;0;0;0;0;160;0;0;0
382026;878;2614;30;41;9999;0;1000;0;3671;3671;5;4;1478;525;2000;1;0;1;11;72;58;0;0;72;0;0;2304;2536;65535;4190;0;13;57;61;64;66;12;13;12;22;99;0;0;15872;2671;0;2564;38;2602;0;7;0;0;0;0;0;0;0;0;0;0;0;0;0;0;0;0;0;0;0;0;160;0;0;0
383028;878;2614;30;41;9999;0;1012;0;3670;3714;5;4;1478;525;2000;1;0;1;11;72;55;0;0;72;0;0;2304;2536;65535;4193;0;13;60;60;66;65;13;12;12;27;99;0;0;15872;2671;0;2564;38;2602;0;6;0;0;0;0;0;0;0;0;0;0;0;0;0;0;0;0;0;0;0;0;160;0;0;0
384026;878;2614;29;41;9999;0;1038;0;3671;3810;5;4;1478;525;2000;1;0;1;11;72;52;0;0;72;0;0;2304;2536;65535;4186;0;16;59;59;63;63;13;16;12;27;99;0;0;15872;2671;0;2564;38;2602;0;6;0;0;0;0;0;0;0;0;0;0;0;0;0;0;0;0;0;0;0;0;160;0;0;0
385026;878;2614;29;41;9999;0;996;0;3671;3656;5;4;1478;525;2000;1;0;1;11;72;55;0;0;72;0;0;2304;2536;65535;4193;0;18;52;51;55;59;16;13;18;24;99;0;0;15872;2671;0;2564;38;2602;0;6;0;0;0;0;0;0;0;0;0;0;0;0;0;0;0;0;0;0;0;0;160;0;0;0
386027;878;2614;29;41;9999;0;1014;0;3671;3722;5;4;1478;525;2000;1;0;1;11;72;55;0;0;72;0;0;2304;2536;65535;4182;0;13;50;51;51;61;12;13;12;25;99;0;0;15872;2671;0;2564;38;2602;0;6;0;0;0;0;0;0;0;0;0;0;0;0;0;0;0;0;0;0;0;0;160;0;0;0
387027;878;2614;29;41;9999;0;1027;0;3671;3770;5;4;1478;525;2000;1;0;1;11;72;75;0;0;72;0;0;2304;2536;65535;4182;0;14;51;52;52;59;14;10;12;25;99;0;0;15872;2671;0;2564;38;2602;0;6;0;0;0;0;0;0;0;0;0;0;0;0;0;0;0;0;0;0;0;0;160;0;0;0
388027;878;2614;29;41;9999;0;1037;0;3671;3806;5;4;1478;525;2000;1;0;1;11;72;75;0;0;72;0;0;2304;2536;65535;4170;0;13;48;53;55;55;12;13;11;21;99;0;0;15872;2671;0;2564;38;2602;0;7;0;0;0;0;0;0;0;0;0;0;0;0;0;0;0;0;0;0;0;0;160;0;0;0
389028;878;2614;29;41;9999;0;1008;0;3671;3700;5;4;1478;525;2000;1;0;1;10;72;56;0;0;72;0;0;2304;2536;65535;4173;0;13;54;54;60;63;13;11;10;23;99;0;0;15872;2671;0;2564;38;2602;0;7;0;0;0;0;0;0;0;0;0;0;0;0;0;0;0;0;0;0;0;0;160;0;0;0
390028;878;2614;29;41;9999;0;1112;0;3671;4082;5;4;1478;525;2000;1;0;1;10;72;30;0;0;72;0;0;2304;2536;65535;4159;0;14;54;54;59;56;12;14;12;23;99;0;0;15872;2671;0;2564;38;2602;0;7;0;0;0;0;0;0;0;0;0;0;0;0;0;0;0;0;0;0;0;0;160;0;0;0
391028;878;2614;29;41;9999;0;1119;0;3671;4107;5;4;1478;525;2000;1;0;1;11;72;29;0;0;72;0;0;2304;2536;65535;4169;0;14;65;65;68;73;14;12;14;26;99;0;0;15872;2671;0;2564;38;2602;0;7;0;0;0;0;0;0;0;0;0;0;0;0;0;0;0;0;0;0;0;0;160;0;0;0
392031;878;2614;29;41;9999;0;1157;0;3660;4234;5;4;1478;525;2000;1;0;1;11;72;27;0;0;72;0;0;2304;2536;53216;2410;0;15;56;53;58;63;11;15;13;25;99;0;0;15872;2671;0;2564;38;2602;0;7;0;0;0;0;0;0;0;0;0;0;0;0;0;0;0;0;0;0;0;0;160;0;0;0
393028;878;2614;29;41;9999;0;1079;0;3660;3949;5;4;1478;525;2000;1;0;1;12;72;65;0;0;72;0;0;2304;2536;57160;4019;0;18;78;78;81;83;15;18;17;30;99;0;0;15872;2671;0;2564;38;2602;0;6;0;0;0;0;0;0;0;0;0;0;0;0;0;0;0;0;0;0;0;0;160;0;0;0
394029;878;2614;29;41;9999;0;1035;0;3660;3788;5;4;1478;525;2000;1;0;1;13;72;56;0;0;72;0;0;2304;2536;59883;1609;0;16;51;50;59;54;16;13;14;19;99;0;0;15872;2671;0;2564;38;2602;0;6;0;0;0;0;0;0;0;0;0;0;0;0;0;0;0;0;0;0;0;0;160;0;0;0
395028;878;2614;29;41;9999;0;983;0;3660;3597;5;4;1478;525;2000;1;0;1;15;72;98;0;0;72;0;0;2304;2536;58943;1606;0;14;41;42;44;43;12;14;13;15;97;0;0;15872;2671;0;2564;38;2602;0;4;0;0;0;0;0;0;0;0;0;0;0;0;0;0;0;0;0;0;0;0;160;0;0;0
396028;878;2614;29;41;9999;0;1149;0;3660;4205;5;4;1478;525;2000;1;0;1;14;72;96;0;0;63;0;0;2304;2536;57365;1604;0;15;38;39;43;44;15;13;14;16;96;0;0;15872;2671;0;2564;38;2602;165;5;0;0;0;0;0;0;0;0;0;0;0;0;0;0;0;0;0;0;0;0;160;0;0;0
397028;878;2614;29;41;9999;0;1126;0;3660;4121;5;4;1478;525;2000;1;0;1;15;72;97;1;0;60;0;0;2304;2536;65535;4193;0;19;63;64;67;68;19;17;16;20;97;0;0;15872;2671;0;2564;38;2602;9;5;0;0;0;0;0;0;0;0;0;0;0;0;0;0;0;0;0;0;0;0;160;0;0;0
398063;896;2614;29;41;9999;0;905;0;3660;3312;5;4;1478;525;2000;1;0;1;11;72;99;0;0;72;0;0;2304;2536;54722;1946;0;13;62;63;65;69;12;12;13;24;99;0;0;15872;2675;0;2562;40;2602;0;6;0;0;0;0;0;0;0;0;0;0;0;0;0;0;0;0;0;0;0;0;160;0;0;0
399029;896;2614;29;41;9999;0;918;0;3660;3359;5;4;1478;525;2000;1;0;1;13;72;98;0;0;71;0;0;2304;2536;53088;1581;0;15;41;37;41;41;15;15;13;16;93;0;0;15872;2675;0;2562;40;2602;149;7;0;0;0;0;0;0;0;0;0;0;0;0;0;0;0;0;0;0;0;0;160;0;0;0
400029;896;2614;29;41;9999;0;949;0;3660;3473;5;4;1478;525;2000;1;0;1;15;72;93;0;0;64;0;0;2304;2536;58976;1586;0;18;36;34;37;34;18;12;14;14;95;0;0;15872;2675;0;2562;40;2602;5;5;0;0;0;0;0;0;0;0;0;0;0;0;0;0;0;0;0;0;0;0;160;0;0;0
401029;896;2614;29;41;9999;0;979;0;3672;3594;5;4;1478;525;2000;1;0;1;15;72;97;0;0;64;0;0;2304;2536;58599;1597;0;17;36;42;45;43;14;17;17;14;96;0;0;15872;2675;0;2562;40;2602;59;5;0;0;0;0;0;0;0;0;0;0;0;0;0;0;0;0;0;0;0;0;160;0;0;0
402029;896;2614;29;41;9999;0;922;0;3672;3385;5;4;1478;525;2000;1;0;1;15;72;97;0;0;62;0;0;2304;2536;58616;1588;0;15;31;30;36;32;15;12;12;16;96;0;0;15872;2675;0;2562;40;2602;14;5;0;0;0;0;0;0;0;0;0;0;0;0;0;0;0;0;0;0;0;0;160;0;0;0
403030;896;2614;29;41;9999;0;904;0;3676;3323;5;4;1478;525;2000;1;0;1;15;72;96;0;0;60;0;0;2304;2536;58654;1586;0;14;32;29;31;34;13;13;14;13;96;0;0;15872;2675;0;2562;40;2602;14;5;0;0;0;0;0;0;0;0;0;0;0;0;0;0;0;0;0;0;0;0;160;0;0;0
404029;896;2614;29;41;9999;0;1038;0;3676;3815;5;4;1478;525;2000;1;0;1;15;72;96;0;0;59;0;0;2304;2536;58711;1589;0;14;27;31;31;32;14;13;11;14;96;0;0;15872;2675;0;2562;40;2602;9;5;0;0;0;0;0;0;0;0;0;0;0;0;0;0;0;0;0;0;0;0;160;0;0;0
405029;896;2614;29;41;9999;0;896;0;3676;3293;5;4;1478;525;2000;1;0;1;15;72;96;0;0;63;0;0;2304;2536;62739;1542;0;15;37;41;42;35;15;14;13;15;97;0;0;15872;2675;0;2562;40;2602;9;5;0;0;0;0;0;0;0;0;0;0;0;0;0;0;0;0;0;0;0;0;160;0;0;0
406029;896;2614;29;41;9999;0;959;0;3676;3525;5;4;1478;525;2000;1;0;1;14;72;96;0;0;67;0;0;2304;2536;56641;1575;0;16;31;31;34;32;14;16;13;15;94;0;0;15872;2675;0;2562;40;2602;36;5;0;0;0;0;0;0;0;0;0;0;0;0;0;0;0;0;0;0;0;0;160;0;0;0
407029;896;2614;29;41;9999;0;918;0;3676;3374;5;4;1478;525;2000;1;0;1;15;72;93;0;0;58;0;0;2304;2536;55265;1571;0;15;28;32;33;34;11;12;15;15;92;0;0;15872;2675;0;2562;40;2602;4;4;0;0;0;0;0;0;0;0;0;0;0;0;0;0;0;0;0;0;0;0;160;0;0;0
408029;896;2614;29;41;9999;0;918;0;3676;3374;5;4;1478;525;2000;1;0;1;15;72;93;0;0;61;0;0;2304;2536;59876;1566;0;15;32;26;34;27;13;14;15;13;94;0;0;15872;2675;0;2562;40;2602;24;5;0;0;0;0;0;0;0;0;0;0;0;0;0;0;0;0;0;0;0;0;160;0;0;0
409029;896;2614;29;41;9999;0;918;0;3675;3373;5;4;1478;525;2000;1;0;1;12;72;98;0;0;72;0;0;2304;2536;64852;1603;0;17;28;30;37;34;17;14;13;15;90;0;0;15872;2675;0;2562;40;2602;0;5;0;0;0;0;0;0;0;0;0;0;0;0;0;0;0;0;0;0;0;0;160;0;0;0
410029;896;2614;29;41;9999;0;955;0;3675;3509;5;4;1478;525;2000;1;0;1;12;72;98;0;0;72;0;0;2304;2536;63054;1603;0;14;33;31;32;36;14;13;13;14;89;0;0;15872;2675;0;2562;40;2602;0;5;0;0;0;0;0;0;0;0;0;0;0;0;0;0;0;0;0;0;0;0;160;0;0;0
411029;896;2614;29;41;9999;0;969;0;3675;3561;5;4;1478;525;2000;1;0;1;12;72;97;0;0;72;0;0;2304;2536;62816;1610;0;15;39;32;40;32;15;13;13;14;88;0;0;15872;2675;0;2562;40;2602;0;5;0;0;0;0;0;0;0;0;0;0;0;0;0;0;0;0;0;0;0;0;160;0;0;0
412029;896;2614;29;41;9999;0;896;0;3675;3292;5;4;1478;525;2000;1;0;1;12;72;97;0;0;72;0;0;2304;2536;62663;1617;0;13;31;30;37;30;13;10;12;13;87;0;0;15872;2675;0;2562;40;2602;0;5;0;0;0;0;0;0;0;0;0;0;0;0;0;0;0;0;0;0;0;0;160;0;0;0
413029;896;2614;29;41;9999;0;928;0;3676;3411;5;4;1478;525;2000;1;0;1;12;72;98;0;0;72;0;0;2304;2536;62559;1602;0;13;35;31;39;35;10;13;11;14;87;0;0;15872;2675;0;2562;40;2602;0;5;0;0;0;0;0;0;0;0;0;0;0;0;0;0;0;0;0;0;0;0;160;0;0;0
414030;896;2614;29;41;9999;0;875;0;3676;3216;5;4;1478;525;2000;1;0;1;12;72;98;0;0;72;0;0;2304;2536;62784;1597;0;14;33;34;42;42;13;14;14;15;87;0;0;15872;2675;0;2562;40;2602;0;5;0;0;0;0;0;0;0;0;0;0;0;0;0;0;0;0;0;0;0;0;160;0;0;0
415030;896;2614;29;41;9999;0;869;0;3676;3194;5;4;1478;525;2000;1;0;1;12;72;97;0;0;72;0;0;2304;2536;62934;1623;0;13;34;30;34;36;13;12;10;13;88;0;0;15872;2675;0;2562;40;2602;0;5;0;0;0;0;0;0;0;0;0;0;0;0;0;0;0;0;0;0;0;0;160;0;0;0
416030;896;2614;29;41;9999;0;1022;0;3676;3756;5;4;1478;525;1353;1;0;1;12;72;97;0;0;72;0;0;2304;2536;62772;1596;0;16;31;29;32;31;16;11;10;15;88;0;0;15872;2675;0;2562;40;2602;0;5;0;0;0;0;0;0;0;0;0;0;0;0;0;0;0;0;0;0;0;0;160;0;0;0
417030;896;2614;29;41;9999;0;1012;0;3670;3714;5;4;1478;525;1353;1;0;1;12;72;97;0;0;72;0;0;2304;2536;53681;1578;0;14;35;36;32;39;13;14;13;14;87;0;0;15872;2675;0;2562;40;2602;0;5;0;0;0;0;0;0;0;0;0;0;0;0;0;0;0;0;0;0;0;0;160;0;0;0
418066;881;2614;29;41;9999;0;1218;0;3670;4470;5;4;1478;525;1353;1;0;1;13;72;97;0;0;66;0;0;2304;2536;18329;4679;314;16;56;58;61;60;16;16;13;22;88;0;0;15872;2675;0;2562;40;2602;162;5;0;0;0;0;0;0;0;0;0;0;0;0;0;0;0;0;0;0;0;314;160;0;0;0
419030;881;2614;29;41;9999;0;1190;0;3670;4367;5;4;1478;525;1353;1;0;1;16;72;85;0;7;58;0;0;2304;2536;15568;4639;313;13;77;78;79;81;13;11;12;28;92;0;0;15872;2675;0;2562;40;2602;47;5;0;0;0;0;0;0;0;0;0;0;0;0;0;0;0;0;0;0;0;313;160;0;0;0
420030;881;2614;29;41;9999;0;1214;0;3670;4455;5;4;1478;525;1353;1;0;1;24;72;60;0;1;61;0;0;2304;2536;32104;4428;316;17;70;73;75;75;16;14;17;29;91;0;0;15872;2675;0;2562;40;2602;38;3;0;0;0;0;0;0;0;0;0;0;0;0;0;0;0;0;0;0;0;316;160;0;0;0
421030;881;2614;29;41;9999;0;1119;0;3670;4106;5;4;1478;525;1353;1;0;1;18;72;77;0;1;62;0;0;2304;2536;52076;4234;67;17;79;79;81;80;16;15;17;29;93;0;0;15872;2675;0;2562;40;2602;4;4;0;0;0;0;0;0;0;0;0;0;0;0;0;0;0;0;0;0;0;67;160;0;0;0
422034;881;2614;29;41;9999;0;1166;0;3670;4279;5;4;1478;525;1353;1;0;1;15;72;88;0;0;70;0;0;2304;2536;65535;4223;0;15;63;63;64;68;15;13;15;29;94;0;0;15872;2675;0;2562;40;2602;62;6;0;0;0;0;0;0;0;0;0;0;0;0;0;0;0;0;0;0;0;0;160;0;0;0
423030;881;2614;29;41;9999;0;1725;0;3658;6310;5;4;1478;525;1353;1;0;1;11;72;84;0;0;72;0;0;2304;2536;65535;4195;0;15;62;60;63;61;14;14;15;26;97;0;0;15872;2675;0;2562;40;2602;0;11;0;0;0;0;0;0;0;0;0;0;0;0;0;0;0;0;0;0;0;0;160;0;0;0
424030;881;2614;29;41;9999;0;1152;0;3658;4214;5;4;1478;525;1353;1;0;1;11;72;100;0;0;72;0;0;2304;2536;54364;3667;0;52;90;90;93;91;51;52;50;46;96;0;0;15872;2675;0;2562;40;2602;0;7;0;0;0;0;0;0;0;0;0;0;0;0;0;0;0;0;0;0;0;0;160;0;0;0
